asin,brand,dateFirstAvailable,parentASIN
B00014DNSG,Solgar,"May 7, 2005",B00014DNSG
B00014HTAY,,,
B00024CSMC,,,
B000CFKJR2,,,
B000H883EA,,,
B000H89PRE,,,
B000Z94X8G,,,
B0013OVZRO,,,
B0016AXKRI,,,
B001A2S47I,,,
B001E0V9ZA,,,
B001ECVEWQ,,,
B001HYSRNU,Dynasty,,B001HYSRNU
B001PLETFA,Fungi Perfecti,,
B002WIVH6Y,,,
B002WIVHKU,Host Defense,,B077GDDBRQ
B002WIZF6M,Host Defense,"December 19, 2009",B002WIZF6M
B002WIZFB2,,,
B002WJ1BZK,Host Defense,"December 19, 2009",B0CTJ7P7FR
B002WJ49W2,,,
B0039L7KOQ,,,
B003FG52OU,,,
B003FIGZV2,,,
B003LT6T3E,,,
B003PWSRSM,,,
B004W5L82I,,,
B0053DR1EM,,,
B0057LC58C,,,
B005L4QG3K,,,
B005N7JFJC,,,
B0062AL9Y8,,,
B0062ALAGK,,,
B0062ALEAC,,,
B0062QXUVC,,,
B0062RC9ZO,,,
B00658L07S,,,
B00658L0GY,,,
B006EY0XR6,Roland Foods,,B00F99GS6M
B00755NVJA,,,
B00772ATEQ,,,
B007C5U1BO,Dr. Mercola,"October 6, 2012",B007C5U1BO
B009E7V5R2,,,
B009J8VKU8,Host Defense,,B0BZGTFQBT
B009N6RU1E,,,
B00B62TLKG,,,
B00BJ5F84S,Fungi Perfecti,,B00BJ5F84S
B00BLNBNBK,Swanson,"March 4, 2013",B00BLNBNBK
B00BPPOULE,,,
B00BUULLFC,,,
B00BUUN95C,,,
B00BUUPO96,Host Defense,,B0718ZQRB5
B00BUURR5U,Host Defense,,B08Z9V2HWT
B00CDAN05W,,,
B00CG66884,,,
B00CJ1XBJ0,,,
B00DGBU71M,,,
B00DGD5FSK,Host Defense,,B0CTJ7NGS1
B00DGDBP3O,,,
B00DGDN6QS,,,
B00DGDT7ES,,,
B00DY5HIXA,,,
B00E3K22M2,365 Whole Foods Market,,B00E3K22M2
B00E6ZD9DA,Waiora,,B00E6ZD9DA
B00F5DJYB8,,,
B00FSQ3B66,,,
B00GZRJ97M,,,
B00H4I5UB0,,,
B00HG0YZMG,,,
B00J816AIS,,,
B00JQGGCRE,,,
B00L1SNJGW,,,
B00L3K8RTC,OM MUSHROOM SUPERFOOD,"August 22, 2014",B095HMD1CY
B00LA6MIIK,,,
B00LC9TY32,,,
B00LPJM92W,,,
B00MY4OA6A,,,
B00MY4OSGC,OM MUSHROOM SUPERFOOD,"July 13, 2014",B095HR3K7F
B00N3XBQRW,OM MUSHROOM SUPERFOOD,"December 12, 2014",B0CKKZ4178
B00OBRMFBU,OM MUSHROOM SUPERFOOD,,
B00ONVDNRY,,,
B00OVF9DVM,Host Defense,"July 16, 2014",B0CTJ6XLLS
B00PKXRSWK,,,
B00PXRL39C,,,
B00PXRL3D8,,,
B00QFOEX94,Host Defense,"December 1, 2014",B0CTJ7NGS1
B00QQTW1GA,,,
B00QR2MCJ2,,,
B00RRW9CBC,,,
B00RTK4FQY,,,
B00RUD819W,,,
B00SWWAAXA,,,
B00SWWAEO0,,,
B00SWWAL2A,,,
B00TUYGRU4,,,
B00UA0W9O0,,,
B00UI10SDU,,,
B00UI10SNU,,,
B00US7HWH4,,,
B00USUEX4G,,,
B00USUF18S,,,
B00USUFLC4,,,
B00USUG3FI,,,
B00USUGTWK,,,
B00V5IYD86,Parmalat,,B00V5IYD86
B00V73XUBU,,,
B00W80KDMU,,,
B00W80KJ56,,,
B00WCCE4VK,,,
B00WFH3A7Q,,,
B00WFH3BL6,,,
B00WW8ZHZ6,,,
B00WYPTZRS,,,
B00WYPVFFI,,,
B00YF22NKE,,,
B00YF2ERW6,,,
B00ZWA7LQ4,Four Sigmatic,,B0DNRJQ7TL
B0109WXJMY,Real Mushrooms,"March 29, 2016",B0109WXJMY
B011NAU2EY,Country Farms,,B0DWBNNNWK
B011T49BNW,,,
B0141NPXHQ,,,
B015HMOEAC,,,
B017BZ4J9Y,,,
B017M6R9P8,,,
B017MYKYJS,,,
B018TE2SB2,,,
B019EQOTCU,PURE SYNERGY,"December 16, 2015",B019EQOTCU
B01A675MWW,,,
B01A675QMS,,,
B01A675SIU,,,
B01A7ULIY4,,,
B01AN5QRRQ,,,
B01AN5QYQK,,,
B01AN601VI,Hawaii Pharm,,B01AN600YG
B01AN603W0,,,
B01BEV22TA,,,
B01BH281W8,Real Mushrooms,"February 4, 2016",B01BH281W8
B01BK80ZCI,,,
B01BK81QKS,,,
B01BK84MF4,Hawaii Pharm,,B01BK84LUU
B01BK84N4Y,,,
B01BK84OH0,Hawaii Pharm,,B01BK84LUU
B01BK84RIG,,,
B01BK84S8U,,,
B01BK871DE,Naturealm,"April 7, 2016",B0GS72G6DG
B01BKRUWS6,,,
B01BKRV596,Hawaii Pharm,,B01BKRV596
B01CM4JEKI,,,
B01DKZZFCE,,,
B01DPWOS1G,Mushroom Matrix,"November 4, 2014",B0BPDKRM2P
B01DUYA4L2,,,
B01E44PP5C,,,
B01EKL0NVA,Mushroom Mojo,,B01EKL0NVA
B01EU2T270,,,
B01F0IB6TU,,,
B01FY9RNRE,,,
B01HFN5K2W,,,
B01I05DSFA,2funguys,,B01I05DSFA
B01ITU49L8,,,
B01JH0I2HQ,,,
B01JNNAQVW,Micro Ingredients,"August 2, 2016",B01JNNAQVW
B01K31RYCW,,,
B01K39W4LU,,,
B01K3ZU0XS,,,
B01K4JBOUQ,,,
B01K4JBQ6S,OM MUSHROOM SUPERFOOD,,B0CKKXV97L
B01KGEUB9E,,,
B01LW4ZVYN,,,
B01LXGHDPJ,,,
B01LXL22HV,,,
B01LYPFAFC,,,
B01LZYSACU,,,
B01M8LJJPH,,,
B01MG4AW6V,,,
B01MTO2DMK,,,
B01MUG4DVQ,,,
B01N0EB4IT,,,
B01N1FV2RR,Real Mushrooms,,B0C4XSMX2G
B01N1FVIEW,,,
B01N2N0ZWV,Laird Superfood,,B0F8PFT135
B01N8TJJQL,,,
B01N90H5XR,,,
B01N94G7O1,,,
B01NA0FHFS,,,
B01NCIFKQ9,,,
B06W5HT62H,,,
B06X9N6T3R,,,
B06XCHS1W7,,,
B06XD49D7T,,,
B06XFPBZBH,,,
B06XPBLHZK,,,
B06XPCXSK4,,,
B06XPJ6BV3,,,
B06XT5DSHX,,,
B06Y28J9RR,2funguys,,B06Y28J9RR
B06Y2T3D11,,,
B0716DMSSK,,,
B071HR2SV1,,,
B071SLNDSM,Natures Elements,,B0G26JD7XV
B072L5V3ZC,,,
B07345XGQQ,,,
B073DQ5JBP,,,
B073DZ1SF8,FreshCap Mushrooms,"August 2, 2017",B0GS21TVSK
B073VZL3YN,,,
B0741RRWWS,Real Mushrooms,"July 18, 2017",B0GHPZRV8Z
B0746Q8PRH,,,
B074H7L83M,365 Whole Foods Market,,B074H7L83M
B0756D1D39,,,
B075NVDRLY,The Wild Mushroom Co,,B09M6C4KRC
B0764KP7HD,Wild Foods,,B0D8LZP4GC
B076ML1C9H,,,
B076VVJR6F,Nature Re,,B076VVJR6F
B07718L9XP,,,
B07719XK9J,,,
B0771BXNHN,,,
B0778TWC6P,,,
B077J1HLQH,,,
B077J2P7HL,,,
B077ZXDR66,MYCOPIA,,B077ZXDR66
B07815GMMS,Fresh Produce,,B07815GMMS
B078HKJH6B,,,
B078KPWP8N,Bronson,"December 22, 2017",B078KPWP8N
B078KYGDRP,Holistic Bin,,B078KYGDRP
B078SJ9F5S,The Genius Brand,"January 3, 2018",B0G2DWXPGP
B078SZX3ML,Real Mushrooms,"January 4, 2018",B0GRW5PCT1
B078T4JSD5,,,
B078X18XPR,NusaPure,,B078X18XPR
B078XR2R6B,,,
B0793FB3LQ,Real Mushrooms,,B0GGH81H2L
B079FCR7XK,VIGOROUS MOUNTAINS,,B0GCZMF26M
B079FMNNQD,,,
B07B9WXTDV,,,
B07BD3DHZG,Fresh Nutrition,,B07BD3DHZG
B07BHTP8VX,,,
B07BHV357H,,,
B07BHVHJBC,,,
B07BJ18K5P,SOLARAY,"October 17, 2017",B0FC6KWN4M
B07BL4QYLF,,,
B07BL4T8HT,,,
B07BL57M1Z,,,
B07BN5N9FM,Pet Wellbeing,"August 23, 2018",B07BN5N9FM
B07BNVWFKZ,Noomadic,,B07BNVWFKZ
B07BSZBN3D,,,
B07BTB8K8Y,,,
B07BVBWSB4,,,
B07BVDKNY7,,,
B07C2QPJSQ,,,
B07C9TWH6B,MW Polar,,B0D8C82LM5
B07C9YLPJ9,,,
B07CB5VHMV,,,
B07CF55GLC,Four Sigmatic,,B07T5PX94M
B07CMFCV3G,,,
B07D32VNLP,Real Mushrooms,"May 15, 2018",B0GHPFCGRB
B07D338M35,Real Mushrooms,"May 15, 2018",B07D338M35
B07D3G3ZFX,Real Mushrooms,,B0GGGW5YR4
B07D3H6H6Y,Real Mushrooms,"May 15, 2018",B0GHPSTLS4
B07D3X7MQM,,,
B07D6KBV65,BONCHOWI,,B07D6KBV65
B07DCGDCKM,,,
B07DGL8DY9,,,
B07DN59XZM,,,
B07DPBVJJX,Posterazzi,,B07DPBVJJX
B07DPL5WZV,,,
B07DPM5SLC,,,
B07DPMC5BP,,,
B07DTCWZFG,,,
B07F8ZGTCJ,,,
B07FB1DHHP,,,
B07FCT349J,,,
B07FDLYV5Z,,,
B07FK3CQJR,Laird Superfood,"June 13, 2016",B0FB5S8K6L
B07FKTTJP7,,,
B07FNXC1JN,,,
B07FTTPJPG,Phillips Mushroom Farms,,
B07FZG27JF,Fresh Produce,,B07FZG27JF
B07GDVK5HX,,,
B07GHZNZG2,,,
B07GNQLP2R,,,
B07GNRB5QP,,,
B07GT8BN62,,,
B07GVSC9MX,,,
B07H2T35VN,,,
B07H9KSYXP,,,
B07HB6PQMD,,,
B07HDWF4S7,,,
B07HFSVWTM,,,
B07HFTJ9L8,,,
B07HJBWDDL,Sayan,,B07HJBWDDL
B07HK6J5BV,,,
B07HKNVXR8,,,
B07HM1CDCB,,,
B07JMQWNR5,BareOrganics,,B09K1F1LT3
B07K66G9KW,2funguys,,B07K66G9KW
B07KJGD3VS,,,
B07KJXDXF3,,,
B07L39HDTT,,,
B07L39HGLG,,,
B07L3LR8M6,,,
B07L4745NG,,,
B07L5RN7P3,,,
B07MCLLVQM,,,
B07MLL4JHP,,,
B07MM2YMZS,,,
B07MMVVJ8T,,,
B07MTSTN2V,Double Wood Supplements,,
B07MVRHRLX,,,
B07MVRZ732,,,
B07MVT2HBG,,,
B07MWHPLYR,Nutrivein,"January 17, 2019",B07MWHPLYR
B07MX4TSWS,Herbtonics,"January 17, 2019",B07MX4TSWS
B07NDGX7CV,,,
B07NDH26Z2,,,
B07NHH7HFL,Naturealm,"June 26, 2018",B0GS72G6DG
B07NP5C2M9,,,
B07NQCGBD7,365 Whole Foods Market,,
B07NQDLF47,365 Whole Foods Market,,B07NQDLF47
B07NR976XP,365 Whole Foods Market,,
B07NRFNR16,OM MUSHROOM SUPERFOOD,"March 5, 2019",B0F4PVD473
B07NY3WR4L,FreshCap Mushrooms,"February 26, 2019",B0GS6819GT
B07P2BWC78,Micro Ingredients,,
B07P687HS7,,,
B07P8FJK7C,LOKO nature,,B07P8FJK7C
B07PBCS3LD,,,
B07PDZS38W,,,
B07PFYMKDC,LRLA SUPERFOODS,,B09GJ1LRHM
B07PHTGPXT,,,
B07PHVJ24Y,Host Defense,"March 6, 2019",B0CW3Q7JLD
B07PJZ58BG,,,
B07PM8X5CG,Double Wood Supplements,,
B07PTNV61D,,,
B07PV5W8XP,,,
B07PY4XTP4,BIO KRAUTER,"March 25, 2019",B0FRM521NK
B07Q3H48C2,,,
B07Q4D7VRS,,,
B07Q4F9BLX,,,
B07Q5DZJTK,,,
B07Q5GL3NW,,,
B07QBGSBRX,NutriFlair,"August 19, 2019",B07QBGSBRX
B07QC9DGL1,PureShrooms,,B07QC9DGL1
B07QCJGFH5,,,
B07QHJPY1L,PureShrooms,,B07QB9KW4N
B07QK6P7BZ,FRESH HEALTHCARE,"April 9, 2019",B07QK6P7BZ
B07QKRCLW3,,,
B07QVNQ91X,,,
B07QWB89WM,,,
B07RB2TT44,,,
B07RCX8LPF,,,
B07RFB7VB1,,,
B07RG8MMXW,Micro Ingredients,"June 3, 2017",B0FY82HW24
B07RQVS7LZ,Four Sigmatic,,B0CHXHKRRC
B07SJHLCYT,Herbal Roots,"May 23, 2019",B07SJHLCYT
B07TC5273Y,,,
B07TL6HSYB,PureShrooms,,B07QB9KW4N
B07TMF3YJG,Host Defense,,B07TMF3YJG
B07TSZS4BR,,,
B07TV5TM5Z,Vegan Vitality,"January 31, 2021",B0DNFWZ4VV
B07V49LDB3,,,
B07V58P443,,,
B07V6Q261W,Supersmart,,B07V6Q261W
B07VFYCMK2,,,
B07VLWK4GR,Keto Brainz,,
B07VS88NNH,,,
B07W3PBN7M,,,
B07WF1VWTG,,,
B07WLNXY1S,,,
B07WT6RLX9,ONNIT,,
B07WVCVR78,,,
B07WW7G3WB,,,
B07WW7XM7K,,,
B07X2747KB,Nature's Truth,"August 7, 2019",B07X2747KB
B07YF52935,,,
B07YNG7D5M,,,
B07YXGDMHG,,,
B07Z6PCDT4,,,
B07ZC7QXFN,Real Mushrooms,"October 21, 2019",B07ZC7QXFN
B07ZG45BLP,,,
B07ZTSKYFB,,,
B07ZWT158B,,,
B07ZWTC7RC,,,
B081DBVLVQ,,,
B081FDD412,Laird Superfood,,B09K9SB4BW
B081FKDGSC,,,
B081QKG76Q,,,
B082CZ9M6V,Vita Green,"December 5, 2019",B08FD7KYDJ
B082DHLZN3,Ambesonne,,B082DGRJDS
B082XJHN2V,HERBAMAMA,,B0G6MY3FGD
B0831K7MLG,,,
B0831LD14Q,,,
B083XRXJ1P,Longevity Botanicals,,B0CR4KMLW7
B084C44G4J,Lunarable,,B084C41423
B084H2P5CV,,,
B084JG2XWG,Real Mushrooms,"June 23, 2015",B084JG2XWG
B084JVN2VT,Real Mushrooms,,B0GRW5PCT1
B084KGV992,OM MUSHROOM SUPERFOOD,,B084KGV992
B084KHYBDG,OM MUSHROOM SUPERFOOD,"March 31, 2020",B0DKN2SLXS
B084KQVQ9M,Nature's Nutrition,"March 25, 2020",B08FCZM9RN
B084KTXQL9,,,
B084KVD3RX,OM MUSHROOM SUPERFOOD,"March 16, 2020",B084KVD3RX
B084KWXRVH,,,
B084KY9984,OM MUSHROOM SUPERFOOD,"March 16, 2020",B084KY9984
B084RJPC7H,DJ&A,,B084RNHXYW
B084ZQ6KGP,Lunarable,,B084ZQ6KGP
B084ZZ68NB,,,
B08528LXZR,,,
B0852MQVKJ,,,
B0852MVZQB,,,
B085D4PVLK,,,
B085F1LJMM,,,
B085ZL9GX6,,,
B08651RFHD,,,
B0866B33KY,,,
B086BFM9ZN,Real Mushrooms,"March 24, 2020",B086BFM9ZN
B086CL5FN3,OM MUSHROOM SUPERFOOD,"March 29, 2020",B0G7147VDG
B086LCLGDQ,,,
B086LK9GFR,Real Mushrooms,"March 31, 2020",B093XS8FFS
B086LKQPFT,,,
B086T2Z3NM,Real Mushrooms,"February 22, 2020",B0GSQ77XF1
B086V6CSX7,,,
B086VLQQN4,NATURALGENIUS,"June 2, 2020",B086VLQQN4
B086WJ9SR7,,,
B086WMKRQ7,,,
B086WRWJXS,,,
B086YBLHYC,,,
B0872K6NJN,,,
B0872KM4T4,Nature's Lab,"April 13, 2020",B0FS1MGRLQ
B087BYB7R7,,,
B087Q5G3X7,,,
B087QTGP1D,ACEWORKZ,"April 27, 2020",B087QTGP1D
B087YCG89V,,,
B087YHP3HQ,,,
B087Z3VR4H,KOS,"May 1, 2020",B0D9WDN93G
B0881NXZNY,,,
B0883VBNHC,,,
B0889HJFKW,PEScience,"May 7, 2020",B0B1JPNPB1
B088C1PQ36,Double Wood Supplements,,
B088PB6JFY,,,
B088XZWTN7,Doctor Danielle,,B088XZWTN7
B0892ZZMQZ,,,
B089CHNZKV,VitaCup,,B0CK57GTDB
B089QVKZ6W,,,
B089QVTMKS,The Herban Shaman,,B096QXFCSH
B089T7RRPZ,,,
B089X92NVD,BulkSupplements,"June 9, 2020",B0BS9YXNHH
B089XKVG4T,BulkSupplements,,B0BS9YXNHH
B089XNB2GS,,,
B089ZRYSD3,,,
B08B137DTG,,,
B08B13C2TS,,,
B08B13GF4X,,,
B08B18ZF1F,,,
B08BT6QP6G,,,
B08BWHF8BR,,,
B08BWZYLTW,,,
B08BXDRRNJ,,,
B08C47SJ5B,,,
B08C6RTHC7,,,
B08CG2SGH9,,,
B08CGC3D8W,,,
B08CS1NFCG,,,
B08D1YQ2KV,Smallhold,,B08D1YQ2KV
B08DK3XC9D,OM MUSHROOM SUPERFOOD,,
B08DK956MN,OM MUSHROOM SUPERFOOD,"July 23, 2020",B0G6ZSM7Q1
B08DP52Q17,,,
B08DYZP2LP,,,
B08DZGQPF5,HPD Rx,,B0BRQY4VM1
B08FMW2ZD2,,,
B08FRLXKJP,,,
B08FRQ9J8P,,,
B08FRSYTY3,,,
B08FRSZQXV,,,
B08FRTNMWZ,,,
B08FRVL6FM,,,
B08FV67QNK,Nutricost,"August 6, 2020",B08FV67QNK
B08G4F7G29,ECO-TASTE,"September 12, 2020",B08G4F7G29
B08G58PFZ5,,,
B08G5CTQ1P,,,
B08GL4MJ2C,Stonehenge Health,"August 28, 2020",B08GL4MJ2C
B08GPP3NS2,,,
B08H2JRSPH,,,
B08H5LCV97,,,
B08H5Q72FG,,,
B08H9XLPJ6,,,
B08HGXP9F3,,,
B08HLFVRB9,,,
B08JSS48Z7,,,
B08KFNQRMG,,,
B08KFQFMRN,Real Mushrooms,"September 29, 2020",B08KFQFMRN
B08KGQSWLV,Maju Superfoods,"September 30, 2020",B0FD93K9S1
B08KWN9CLP,Terrasoul Superfoods,,
B08L38CPJH,,,
B08L5MD69G,Grateful Earth,,B0C1MBXYVF
B08LD24D7P,,,
B08LJ443YP,,,
B08LP6CZQR,Horbäach,,B08LP6CZQR
B08MVQNLNQ,Om Mushroom Superfood,,
B08N55S7T7,,,
B08N9F1SVP,GOBIOTIX,"November 11, 2020",B08N9F1SVP
B08NFM1Q6H,,,
B08NFMDGRD,MARYRUTH'S,,B08NFMDGRD
B08NJM5PR8,,,
B08NJMXYC9,FreshCap Mushrooms,,B08NJMXYC9
B08NPZMQW5,,,
B08NSVJKDW,,,
B08NTLQ2G9,,,
B08NXR334M,,,
B08PCBYQFK,PURE ORIGINAL INGREDIENTS,,B08PCBYQFK
B08PDD2P9N,OM MUSHROOM SUPERFOOD,"November 20, 2020",B0DKN2SLXS
B08PVZBZLM,MINDHONEY,"February 1, 2021",B08PVZBZLM
B08PW4JHB4,,,
B08PXT9L44,,,
B08PY7GZ16,RAW Forest Foods,,B08PY7GZ16
B08PY9GLCJ,,,
B08QB8GGGF,,,
B08QFLWVJX,Four Sigmatic,,B0D1GTZXXL
B08QFS6LQX,OM MUSHROOM SUPERFOOD,"December 11, 2020",B08QFS6LQX
B08QJR7K6P,,,
B08QJTHN94,,,
B08QW6MQS4,Ancient Nutrition,"December 17, 2020",B08QW6MQS4
B08QW6VBHH,Ancient Nutrition,,B08QW6VBHH
B08QW7RSMJ,,,
B08SPSL2KZ,,,
B08SR3XFTV,,,
B08T6G8FBQ,,,
B08TKCY15M,,,
B08VBZL2YN,,,
B08VL74XR2,,,
B08VRHGW22,OM MUSHROOM SUPERFOOD,,B08VRHGW22
B08W21WDQT,,,
B08WQ25VVQ,Eversio Wellness,,B08WQ25VVQ
B08WR4XKHZ,Eversio Wellness,,B08WR4XKHZ
B08WRBNRBW,MARYRUTH'S,"February 19, 2021",B08WRBNRBW
B08WT6WC2B,Real Mushrooms,,B08WT6WC2B
B08WXF74PB,Liquid Fungi,,B08WX8N6C7
B08X14NVXL,,,
B08X1KQ9TT,Naturalma,,B0CVNJGYX9
B08X1VZW39,,,
B08X4XV7G3,,,
B08X4Y1SJS,,,
B08XBC9FVJ,,,
B08XBJKX2F,Carlyle,"February 22, 2021",B08XBJKX2F
B08XQ28S6N,,,
B08Y63Y1X5,,,
B08YHCRDR7,PureShrooms,,B07QB9KW4N
B08Z9L3D3R,Gaia Herbs,"March 17, 2021",B08Z9L3D3R
B08Z9NHD2L,Gaia Herbs,,B0BRTB5X5K
B08ZB1L64M,Gaia Herbs,"March 17, 2021",B08ZB1L64M
B08ZB4YXK3,Gaia Herbs,"March 17, 2021",B08ZB4YXK3
B08ZB6HJX6,,,
B08ZC245ZK,PURE ORIGINAL INGREDIENTS,"March 17, 2021",B0FPYJPMR8
B08ZCFB546,PURE ORIGINAL INGREDIENTS,"March 17, 2021",B0FPYJPMR8
B08ZHZ6CZ4,,,
B08ZSXYYW4,,,
B08ZXJY5C3,ECO-TASTE,,B08ZXJY5C3
B0912TJ3H9,,,
B0912YF3R8,,,
B091D7KQXS,,,
B09236S3R3,Horbäach,"April 8, 2021",B09236S3R3
B0923BKX6P,,,
B09253ZSNB,,,
B0928QWLC3,,,
B09335YJ7Z,Real Mushrooms,,B0B5FT41F9
B093H8GB15,KIKI Green,"April 26, 2021",B093H8GB15
B093QQTTGR,,,
B093RNNT3G,UR Treasure Nutrition,,B09XSCZ27R
B09416XZXD,,,
B094RN26T9,,,
B0957TXZ2Q,Purify Life,,
B0958271KG,,,
B0962DG24B,Plant People,"May 27, 2021",B0G173BFQD
B096PKLZHR,,,
B096TMLRDL,,,
B096Y9JKG2,,,
B0971QRZ5J,Host Defense,,B0971QRZ5J
B097DYQJC9,Research Verified,,B097DZ3SMW
B097S8BF5D,Rasa,,B097S8BF5D
B098J37XJZ,,,
B098KN1TRT,,,
B098MSJC8J,LRLA SUPERFOODS,,B098MSJC8J
B098Z1WVB6,,,
B099P395DT,,,
B09BC5XTWC,,,
B09BZXJH83,,,
B09C12C6QN,,,
B09C2KFLNF,,,
B09C3Y6VFT,,,
B09CWGXQ4H,,,
B09CXDQVHH,Peak State,,B08T8R472T
B09D2T37K3,,,
B09DBQGDW9,,,
B09DXJWJ57,Tenmido,,B09DXJWJ57
B09FD8C16B,OM MUSHROOM SUPERFOOD,,
B09FDBJQCN,OM MUSHROOM SUPERFOOD,,B09FDBJQCN
B09FDDFFF3,,,
B09FDFQD8B,,,
B09FKM3FBM,,,
B09FM5ZG4G,E2H EARTH TO HUMANS,,B0BSB4DHZN
B09FP6L7VM,,,
B09FPZQ1DD,,,
B09FQ1C8QF,,,
B09G57ZC9V,,,
B09G5HKTMG,,,
B09G99M6WW,OM MUSHROOM SUPERFOOD,"September 15, 2021",B0G1C72DXZ
B09G9B95D2,OM MUSHROOM SUPERFOOD,,B0DKN2SLXS
B09G9C9HSC,,,
B09G9HBWQQ,,,
B09GB7WTXW,,,
B09GF4VDWQ,Inner Elevate,,B0CBVZZ426
B09GPZ5GYZ,,,
B09GPZ72P2,,,
B09GQMFCBW,,,
B09HGD19YN,,,
B09HRFYZHV,Ziggy Ba,,B09HRFYZHV
B09HV31QMQ,Real Mushrooms,,B0FX63JMR8
B09HVC2Z3W,Balanced Tiger,,B09FFNQH42
B09HVD4BGP,Real Mushrooms,"January 4, 2022",B09HVD4BGP
B09HW3ZRNJ,,,
B09HY2M2SV,ODYSSEY ELIXIR,,
B09J4M1Z3K,CJCBROES,,B09J4M1Z3K
B09JHSRW3C,,,
B09JVQYM1N,,,
B09JVR4RX5,,,
B09JYLZJGQ,NATURELO,"October 20, 2021",B0FD5CH3P9
B09K4MBQ22,,,
B09K6Q859Q,CEMEHA SEEDS,,B09K6Q859Q
B09KCPMLFC,,,
B09KQSQWJM,,,
B09KZ1VNPF,DEAL SUPPLEMENT,,
B09LJQ6MB9,,,
B09LR918WB,ZhuGuaCo,,
B09M8SJRBW,,,
B09MDN6T7B,BRAINMD,"November 22, 2021",B09MDN6T7B
B09MJGMT4V,,,
B09MZLT2N2,,,
B09N4TSBFH,Health Concerns,,B09N4TSBFH
B09NBDJQHF,,,
B09NP8V479,,,
B09NQV6LVX,MEGAPLANTS,,B09NQV6LVX
B09NTXLPQQ,,,
B09NVT3JHH,Joe'y,,
B09PC5C346,,,
B09PMS8XKZ,,,
B09PP6Z6T4,,,
B09Q4L165F,VITA GLOBE,"December 1, 2021",B0G7MYBBQJ
B09Q5PXNTZ,Nutrizza,,B09Q5PXNTZ
B09QJT6P9R,,,
B09QP38B11,,,
B09QQ5TPPJ,,,
B09QZMYRKC,,,
B09R7G5KLC,SMSHEALTHPRODUCTS.com,,B09R7G5KLC
B09R7NXSS1,,,
B09R7NYSKC,,,
B09R7PXGKF,,,
B09R7QDZ89,,,
B09R7QPK95,,,
B09R7RRXPH,Real Mushrooms,,B09R7RRXPH
B09R7RX8YG,Real Mushrooms,,B09R7RX8YG
B09R7S322D,,,
B09R7SB9Q6,,,
B09R7SBNZL,,,
B09RGKQWBM,Betterbrand,"January 28, 2022",B0BH6NC2NG
B09RMXTDYG,,,
B09RPNTH2S,,,
B09RQ9DFZP,Carlyle,"February 2, 2022",B09RQ9DFZP
B09RQZ38DB,Micro Ingredients,,
B09RVW4WP6,SMSHEALTHPRODUCTS.com,,B09RVW4WP6
B09RZV78B7,Real Mushrooms,,
B09SL4CVC1,,,
B09SL58D5L,,,
B09SL64WZD,,,
B09SL7ZBL7,,,
B09SL8KP22,,,
B09SLCQ1LJ,,,
B09SLHWYM9,,,
B09SLJ221M,,,
B09SLJ2XWX,,,
B09SLJ6C9B,Real Mushrooms,,B09SLJ6C9B
B09SLJZ1CT,Real Mushrooms,,B09SLJZ1CT
B09SP31N5P,Optimal Carnivore,,B09SP31N5P
B09STSSG1G,Betterbrand,,B0BH6NC2NG
B09SVTLFPZ,Chagit,,B09SVTLFPZ
B09SVTMXFZ,Mushroom Matrix,"February 18, 2022",B099P3FR9G
B09SVVRCYZ,Mushroom Matrix,"February 18, 2022",B09M7P4WJ7
B09SVW23H2,,,
B09T33JLZV,,,
B09TQ4S7DF,,,
B09TQQVNJS,,,
B09V3BS25N,,,
B09V6Z2XHK,,,
B09V72WQ8T,,,
B09VS4CXD2,,,
B09X5JK6N7,Real Mushrooms,,B0GGH5QXV8
B09XBXXX76,,,
B09XBY3N9Q,,,
B09XGB3GGB,,,
B09XGDV2KS,,,
B09XGFZJVS,Four Sigmatic,,B09XGFZJVS
B09Y8DM2MK,Chérie Sweet Heart,"April 18, 2022",B09Y8KM26H
B09YKGM7N5,,,
B09YTG6G13,TERRA ELMNT,,
B09YVMJ23C,InnoSupps,,B09YVMJ23C
B09Z5V7HWV,LyfeFuel,"May 3, 2022",B0CWWBPWTW
B09ZBC7DNT,VEGATOT,,
B09ZBK35BJ,Real Mushrooms,"August 11, 2022",B09ZBK35BJ
B09ZTKDLR1,VIGOROUS MOUNTAINS,,B09ZTKDLR1
B09ZTSTFDW,VIGOROUS MOUNTAINS,,B09ZTSTFDW
B09ZTVFF2R,VIGOROUS MOUNTAINS,,B09ZTVFF2R
B09ZWXF8N5,,,
B0B1J9VJGG,,,
B0B1MFSYQC,Naturalma,,B0CVNJVH7N
B0B1MFZLRX,,,
B0B1VQPMHG,,,
B0B2X739PW,Bulletproof,,
B0B2X85VVM,Bulletproof,,
B0B2ZBX7HS,,,
B0B31RJY39,,,
B0B31S1WHJ,,,
B0B31SNHLT,,,
B0B31VMXBY,Real Mushrooms,,B0B31VMXBY
B0B3F64NX4,Effective Nutra,"June 8, 2022",B0B3F82JR4
B0B3N7ZG2J,,,
B0B3NGHTWD,,,
B0B3S678KB,,,
B0B3SRN8C1,,,
B0B3SS7GJY,,,
B0B3SSG6L6,,,
B0B3ZD9CCK,WIXAR NATURALS,"August 11, 2022",B0B3ZD9CCK
B0B4JZK2QW,Forest Super Foods,,B0G2MM1JDH
B0B4KSM4JH,,,
B0B4PHFL21,ODYSSEY ELIXIR,,B0B4PHFL21
B0B52FP4GP,THE SNAK YARD,,B0B52FP4GP
B0B53Y7Z7D,Everyday Dose,,B0DP5GZQ1T
B0B5FM4TRS,,,
B0B5V4WDMG,Infinity Greens,,B0B5V4WDMG
B0B5VH84J4,,,
B0B628D7ZN,Live Conscious,,B0DQM36PXQ
B0B64RRS63,Carlyle,"July 8, 2022",B0B64RRS63
B0B6PMT7VV,,,
B0B6Q5MX45,,,
B0B6QBFZR7,,,
B0B6QBMN8Z,,,
B0B6VPRJFW,KIKI Green,,B0C2Z8F72G
B0B7125JKC,,,
B0B75PN7SZ,LRLA SUPERFOODS,,B0CRWGZ1GK
B0B75XX6L9,,,
B0B786DDDX,,,
B0B788ND3J,,,
B0B78CSNK7,,,
B0B7BJGLJD,DALAMHARI,,B0B7BJGLJD
B0B7VKJCFM,,,
B0B8KK1QXN,,,
B0B8NLC7Z2,,,
B0B8TJ89YG,,,
B0B8TKGLJD,Rise-N-Shine,"August 5, 2022",B0B8TKGLJD
B0B8W2W373,Generic,,B0B8W376PH
B0B91BF73G,,,
B0B9CLPWZP,,,
B0B9HF3ZCX,SZCZEKIN,,
B0B9HVBP9Y,,,
B0B9NZSDWP,,,
B0B9P1FZ6X,,,
B0B9Q87W38,LifeSource Vitamins,"August 15, 2022",B0B9Q87W38
B0B9S1Y7FJ,,,
B0B9Y6GJZ2,Liquid Fungi,,B0B9Y6GJZ2
B0B9YH7MW1,,,
B0BB3GVN77,,,
B0BB97W6ZV,,,
B0BBH4RF7R,Fungi Perfecti,,
B0BC22F7SQ,Livingood Daily,,B0BC22F7SQ
B0BCBVVH9R,,,
B0BCC8VNJQ,,,
B0BCCPYM5J,Kaya Naturals,"November 18, 2021",B0859NTWFB
B0BCCSMY9Q,,,
B0BCL3BVPG,,,
B0BCMKNMZB,,,
B0BCPBNRCV,Laird Superfood,,B0B43T9LS7
B0BCPPDD21,,,
B0BCVCBY8Y,,,
B0BD6NK51K,,,
B0BDVBZPKN,,,
B0BFFW3FZ6,Real Mushrooms,,B0BFFW3FZ6
B0BFKNR56Q,ULTRA HERBS,"September 17, 2022",B0BFKNR56Q
B0BFRTXVZ6,,,
B0BG6TGKZS,Clean Nutraceuticals,"September 21, 2022",B0FXM7VD1X
B0BGYR9FKY,,,
B0BHJFM172,Vimerson Health,,B0D5BKQBRV
B0BHKXKB7Z,,,
B0BHL1MD8N,Real Mushrooms,,B0GGH5QXV8
B0BHZ1FQMB,,,
B0BHZBSKN4,SZCZEKIN,,
B0BJ1C72KZ,,,
B0BJ27F82B,,,
B0BJTCYY38,,,
B0BJTSV8K8,,,
B0BJZPQS6W,,,
B0BJZPS56B,,,
B0BJZRLDD4,,,
B0BJZRMYVP,,,
B0BJZT6N9Q,,,
B0BJZTM6MN,,,
B0BK1YW58Z,,,
B0BK76BZ8V,,,
B0BK776DRT,,,
B0BK779V5L,Rich gano,,B0BK779V5L
B0BK77XVGZ,,,
B0BK78SD3V,,,
B0BKDTJ1YX,,,
B0BKFTVHT2,,,
B0BKMNR53K,Pet Wellbeing,"October 14, 2022",B0BKMNR53K
B0BKR1RPSB,,,
B0BL376DGP,,,
B0BL8L7QDX,,,
B0BLFKMP1Q,Piping Rock,"November 3, 2022",B0BLFKMP1Q
B0BLHY22M7,Fungies,,B0DS2W4P7X
B0BLRFQWDK,Nutricost,"November 7, 2022",B0G369N6PS
B0BLT7XCH2,Elderwise Organics Made With Love,,B0BT8GQHH4
B0BLTJFCV6,,,
B0BLTK4RKB,,,
B0BLVLTLH2,,,
B0BMPNHVNV,,,
B0BNW6LZP5,,,
B0BP1DZ8NQ,,,
B0BP6PZSBW,Go Nutra,"December 6, 2022",B0C3SN13PL
B0BP8BBXB9,,,
B0BP9YV9WC,Double Wood Supplements,"December 6, 2022",B0BP9YV9WC
B0BPF14V8R,,,
B0BPNN961P,,,
B0BPSKPCGB,,,
B0BQCCQYGB,,,
B0BQX4FQ4P,,,
B0BQZJQL9F,,,
B0BRHWP1DB,,,
B0BRNP1ZDZ,Unknown,,B0BRNP1ZDZ
B0BRNYLH1P,Force Factor,"January 4, 2023",B0GHH3R4YX
B0BRP1FGSP,Force Factor,,B0GHGXS9ZQ
B0BRT7BR8X,Fantastic Fungi,"December 21, 2022",B0FWRZJ7KN
B0BRT934T9,,,
B0BRTCCT8W,Gaia Herbs,"January 6, 2023",B0BRTB5X5K
B0BRYC3MGN,alcami elements,,B0D54B1478
B0BRYM6F6X,Best Earth Naturals,"January 9, 2023",B0CMDHPKZQ
B0BS1SZ9NZ,Host Defense,,B0BS1SZ9NZ
B0BS1VTM9B,,,
B0BS2H1HJ4,,,
B0BSB3D8BN,,,
B0BSG4YY47,PureShrooms,,B09QXTCPH6
B0BSLL58GQ,,,
B0BSLL8X2Q,,,
B0BSN33RLG,,,
B0BSN43YRC,,,
B0BSP33SZ4,,,
B0BSZCGQB2,,,
B0BT151NZX,,,
B0BT171BH3,,,
B0BT4DNF35,,,
B0BT4FPXHV,,,
B0BT5W95MP,,,
B0BT8NP5FB,Blue Toad Botanicals,,B0BT8NP5FB
B0BTB2QJ2J,,,
B0BTH574CX,,,
B0BTHZXNTD,OM MUSHROOM SUPERFOOD,"January 31, 2023",B0D5BF9XPG
B0BTK95GHY,,,
B0BTMTTPZR,,,
B0BTN1BNMD,FITO MEDIC'S,,B0BTN1BNMD
B0BTYX618V,Plant People,"February 6, 2023",B0GQDP2M4G
B0BV4WHWCX,Superfood Tabs,,B0BV4WHWCX
B0BV4XY3L7,,,
B0BV7DX1TF,Plant People,,B0DHWDQ7PK
B0BV7GKYF9,Plant People,"February 8, 2023",B0DGMLYP1S
B0BVC1T1NV,Natures Craft,"February 9, 2023",B0FQPKK42J
B0BVCN75RC,Evlution,"February 9, 2023",B0BVCN75RC
B0BVDS1WVJ,Zolotus,"February 10, 2023",B0BVDJ7XYG
B0BVFDQJC4,,,
B0BVGP5HLB,BlueBonnet,"February 10, 2023",B0BVGP5HLB
B0BVPB1PP8,Sassy,,B0FD96W7KS
B0BVPLNNFJ,,,
B0BVQH2NQP,,,
B0BVQSP47Q,,,
B0BVQY599F,,,
B0BW236HRJ,,,
B0BW357M1R,Simple Promise,,B0BW357M1R
B0BW78WHS5,,,
B0BWH22WMH,,,
B0BWH9RWC9,DEAL SUPPLEMENT,,
B0BWKCXQRT,,,
B0BWKNZSNR,,,
B0BWL3X25J,,,
B0BWL7HZB7,,,
B0BWLTVHT9,SuperMush,"January 6, 2023",B0BWLQHKYR
B0BWNPVC2S,Moontower,,B0GVSSR7MK
B0BWSNXNJM,,,
B0BX4JQRC7,Real Mushrooms,"June 25, 2023",B0BX4JQRC7
B0BX4K4JDS,,,
B0BX5CJS77,,,
B0BX74PQ55,,,
B0BX79MBB8,,,
B0BXD657G5,,,
B0BXPVFRBN,Real Mushrooms,"April 26, 2023",B0GRW3BXZG
B0BXPXR5QR,,,
B0BXQ2JVKL,,,
B0BXQ439JF,,,
B0BXQ6XDTN,Safer Products,"March 7, 2023",B0BXQ7RM4Z
B0BXTBZ47P,,,
B0BY5C56PH,,,
B0BYKWXPFQ,Harvest of Nature,,B0BYKWXPFQ
B0BYNZJS4G,,,
B0BYRQS6TX,,,
B0BYWFLGLM,,,
B0BZ2HGW33,,,
B0BZ3DXW1W,Magic Mind,,
B0BZJTQ7N1,,,
B0BZQPN2FX,,,
B0C13214Y5,,,
B0C13KX6FC,Wild & Organic,,B0DXXCGM5W
B0C13L45PZ,,,
B0C13N6Q5R,,,
B0C15MJ51D,Wild & Organic,"March 31, 2023",B0DXX3QQ6W
B0C1BS24T8,Happy Healthy Wellness,"May 4, 2023",B0C1BS24T8
B0C1C3SC3H,OLIVENATION,,B0BZQ5GMV4
B0C1F5LDLF,,,
B0C1FXV2WH,,,
B0C1G8241F,,,
B0C1GPNPHC,,,
B0C1N47R9S,Rich gano,,B0CLM8422N
B0C1Q3NW8F,,,
B0C1QC8YY4,,,
B0C1QMZH2Q,,,
B0C1QNKXGL,,,
B0C1XC4DG4,,,
B0C1XDHCNF,,,
B0C2BQX4MP,,,
B0C2NJG9N9,Pella Nutrition,,
B0C2QMZ9PJ,,,
B0C2YXNQHK,B BEWORTHS,"May 15, 2023",B0F1YB2F9N
B0C347D6W9,,,
B0C3516SSS,,,
B0C353ZFMF,MEGAPLANTS,"April 20, 2023",B0C353ZFMF
B0C3DPZV1F,,,
B0C3DVJZMN,Laird Superfood,,B0F1GBP68D
B0C3K512XQ,,,
B0C3KJ4PZ4,,,
B0C4166SSW,Auri,"May 17, 2023",B0C4166SSW
B0C485JWYV,NatureBell,,
B0C4CPT581,Drink Your Meditation,,B0C4CPT581
B0C52R3KMG,,,
B0C5454Q4C,,,
B0C5B4ZTDX,,,
B0C5B8ZH1B,,,
B0C5BYH52P,,,
B0C5R5LMQJ,Shroomzup,,B0C5R5LMQJ
B0C5XZL3N1,,,
B0C62QRW3Z,Guayaki,,
B0C6H7DDM5,,,
B0C6QNJNDT,,,
B0C6RYYJZN,IQBAR,,B0C6S9TYTK
B0C6S9SLRL,,,
B0C6SCFK7R,,,
B0C6WPS11G,Inner Elevate,,B0FSF2XH5W
B0C74VVCL2,,,
B0C795HG2H,,,
B0C7D3G3V4,,,
B0C7D4K5B4,,,
B0C7JN712V,,,
B0C7KX7TC9,HERBANA MANUFACTURING,"February 25, 2023",B0C7KX7TC9
B0C7LSXBH7,,,
B0C7LVHYJ5,,,
B0C7SM6PS2,RÅ HYGGE,,B0DXVWBB37
B0C7SMVF7S,AMVILAB,"June 12, 2023",B0C7SMVF7S
B0C7Y5XB9T,BIO VITALICA,"May 31, 2023",B0FKCSTZRV
B0C7YD84MD,,,
B0C8294JP6,,,
B0C8BFVN4S,ODYSSEY ELIXIR,,
B0C8H2F5TN,,,
B0C8LSZ539,,,
B0C8LTR6L1,,,
B0C8LXX8JF,DEAL SUPPLEMENT,,
B0C8NDQLPH,Yasumako,,B0C8NFK7HX
B0C8NV8RFB,Yasumako,,B0C8NVQB6L
B0C8NW352Q,,,
B0C8QH67DY,,,
B0C8SBQ4ZK,PureShrooms,,B0C8SBQ4ZK
B0C8TPTCSP,,,
B0C8WGD562,MAX FIT,,
B0C95H8KRX,,,
B0C97WY9G9,,,
B0C9M8JYC5,,,
B0C9MXH5GP,,,
B0C9PK8T2T,,,
B0C9PNDL22,,,
B0C9SF3H9V,Carlyle,,B0C9SF3H9V
B0C9TN3RPY,Organic Cadane,"June 30, 2023",B0C9TN3RPY
B0C9WLT83C,,,
B0CB1S6SQF,,,
B0CB6HWDQC,,,
B0CB926N9N,,,
B0CBCSCKLW,Forage Hyperfoods,,
B0CBCWDVKL,Alice,,B0CFR44LGZ
B0CBR9W7PY,SGM LABS,,B0CBR9W7PY
B0CBSWCNHT,JUNI,,
B0CBV6CNN9,,,
B0CBVSJLCF,Alice,,B0CFR44LGZ
B0CC3WXM59,,,
B0CCB3G6VQ,Horbäach,,B0CCB3G6VQ
B0CCD28FX4,,,
B0CCNST2GW,,,
B0CCPL1S5L,,,
B0CCSVXS73,,,
B0CCSYZDGQ,,,
B0CCWN889D,,,
B0CCX97CHV,,,
B0CCXDMDBN,,,
B0CD2RCND5,,,
B0CDQNYC1M,,,
B0CDV8JTN3,,,
B0CF63FL9J,,,
B0CF65KZCG,Carlyle,"August 9, 2023",B0CF65KZCG
B0CFCRVH2D,,,
B0CFGCMSFY,,,
B0CFGDV62T,HAPPY FOX,,B0CFGB27KS
B0CFHJZ5NW,,,
B0CFKRTNY3,,,
B0CFLYBP2G,,,
B0CFP4HNLX,,,
B0CFSP3BLV,,,
B0CFSQ9P2W,Four Sigmatic,"August 16, 2023",B0CJSGR74G
B0CFT56GCN,Four Sigmatic,"August 16, 2023",B0CJSGR74G
B0CFVN2GZS,Real Mushrooms,"October 11, 2023",B0GGHM7M68
B0CFVXNVHW,Real Mushrooms,"December 16, 2023",B0CFVXNVHW
B0CFY3XWSL,,,
B0CFYP7M4P,Unbound Mushroom Gummies,,B0D1VS6PXX
B0CG2JKMWG,,,
B0CG7BFG22,,,
B0CG9549WS,,,
B0CG95HLK1,,,
B0CGFBTTHV,,,
B0CGG395RP,,,
B0CGJ9T8H5,,,
B0CGJC76ZY,,,
B0CGJCTXYY,,,
B0CGQ1ZD8Q,,,
B0CGQWGVBN,,,
B0CGVRJ2XJ,,,
B0CGYCSJXK,,,
B0CH1MM5XH,,,
B0CH1N424M,,,
B0CH5QY2YM,Melting Forest,,
B0CH5V4Z4W,,,
B0CH5VSVZC,,,
B0CH5W91MK,,,
B0CHBR4DK6,,,
B0CHCDBL97,,,
B0CHGW5TGY,,,
B0CHGY7LFW,,,
B0CHH77T7Q,,,
B0CHK1J3SP,,,
B0CHK5T3QP,WELLNESS LABSRX,,
B0CHSGHPFP,,,
B0CJ5SYGLW,Earthborn Elements,,B0CJ5SYGLW
B0CJ5ZHBF9,,,
B0CJB29PQH,,,
B0CJB2KSRT,Life Cykel,"September 18, 2023",B0CJB2KSRT
B0CJFZBF3H,,,
B0CJN42STM,,,
B0CJRT1H9J,,,
B0CJSY1615,,,
B0CJVM11H4,Hemp Dog Health,"September 26, 2023",B0CJVM11H4
B0CJYBYXM5,VIGOROUS MOUNTAINS,,B0CJYBYXM5
B0CK54LNYY,,,
B0CK5ZR8QQ,,,
B0CK9TNGYG,Live Conscious,,B0CZ8L28YK
B0CKBVGG5Y,NUTRAHARMONY,,
B0CKDNZYXT,,,
B0CKH9YLMZ,Nutra Simple,"October 6, 2023",B0CKH9YLMZ
B0CKKC32JL,,,
B0CKLJP5W9,,,
B0CKLJYP5V,,,
B0CKLKY8HB,,,
B0CKP9LFHW,Mighty Microdose,"October 8, 2023",B0CXF9WBN4
B0CKRX4XNT,,,
B0CKWJQ2R4,,,
B0CKWK44QN,,,
B0CKWKKJ7Y,,,
B0CL4GTC1X,VELOTO,,
B0CLBCRPGT,Etta Vita,,B0CLBCRPGT
B0CLBJ36SQ,,,
B0CLFJ1SH1,,,
B0CLHL5S82,AZ BIOTECH,,B0CLHL5S82
B0CLHM8QV5,AZ BIOTECH,,B0CLHM8QV5
B0CLN1NQJ3,,,
B0CLN3LQF6,,,
B0CLN54QZ1,,,
B0CLT4SLGD,WELLNESS LABSRX,,
B0CLVCKQ8M,,,
B0CLY6WFFR,SOTALIX SUPPLEMENT,"October 27, 2023",B0CLY6WFFR
B0CLYFB2D2,,,
B0CLYYTYF4,Fujima,,B0CBL6P7X5
B0CM2RFCSP,Just Ripe Nutrition,"June 13, 2023",B0CM2RPHPN
B0CM9QQW7F,,,
B0CMC4BKNC,Supplevive,,B0CMC94FST
B0CMG54ND9,,,
B0CMG54NGC,,,
B0CMLFTW7F,,,
B0CMMTJDPG,,,
B0CMMY8VZL,,,
B0CMPXX49N,,,
B0CMQ1Y5ZJ,,,
B0CMQNLCF1,,,
B0CMTJX66P,,,
B0CMV2V15L,,,
B0CMV9ZGK6,,,
B0CMXGTJSJ,,,
B0CMZSCNPM,,,
B0CN1PQ724,,,
B0CN1QLVPR,,,
B0CN2P44QK,,,
B0CN5W53RJ,,,
B0CN6ZXSXC,,,
B0CNGLK612,,,
B0CNJKFSKV,,,
B0CNJPBCBN,,,
B0CNJPWXVK,,,
B0CNJQ5DXB,,,
B0CNJSCC9M,,,
B0CNKMWFWT,,,
B0CNKN65G8,Posterazzi,,B0CNKN65G8
B0CNKPTFQK,,,
B0CNKPV3XM,,,
B0CNKQ6X4R,,,
B0CNLVPP1Z,Joe'y,,
B0CNNLW2N4,,,
B0CNNPPTGJ,,,
B0CNZJHG6J,,,
B0CP2RD48S,,,
B0CP2XQF25,,,
B0CP2XRNYP,,,
B0CP65J5V3,,,
B0CP7TDBML,,,
B0CP8YV66V,,,
B0CP9PYL55,,,
B0CP9TXSHT,,,
B0CPD7661J,,,
B0CPDCQ35Y,SZCZEKIN,,
B0CPGRKZ17,,,
B0CPJRCWM3,Piping Rock,,B0CPJRCWM3
B0CPJV4L9K,ATRx Labs,"December 19, 2023",B0CPJV4L9K
B0CPLVYCDS,,,
B0CPT8QVPF,WHAT DO YOU MEME?,,B0GNZP1DR4
B0CPYQ5PHT,,,
B0CPZDCF5K,WELLNESS LABSRX,"December 11, 2023",B0FYGF8Z9H
B0CQ2Q9K4W,,,
B0CQ57B7ZZ,SZCZEKIN,"December 13, 2023",B0FNWDTHW8
B0CQ58F1JH,SZCZEKIN,,B0FNWDTHW8
B0CQGNQRDR,,,
B0CQJCD8NX,Garden of Herbz,,
B0CQMMK39S,SUNMED,"December 19, 2023",B0CQMMK39S
B0CQN6CPSB,,,
B0CQPJJ37Y,,,
B0CQT4CJFV,TEATREE,,B0CQT4CJFV
B0CQXN2JF9,,,
B0CQYBN79H,,,
B0CQZ91YQ4,SeedsUA,,B0CQZ91YQ4
B0CR53JTTG,Plant People,"December 28, 2023",B0CR53JTTG
B0CR592BCM,,,
B0CR5H51HK,,,
B0CR5JPWYF,,,
B0CR6XTRJN,,,
B0CRF1PGBV,,,
B0CRF4D44Z,,,
B0CRFT6GLY,,,
B0CRFX918S,Trademark Fine Art,,B0CRFX918S
B0CRG8FB2H,,,
B0CRKLYDNZ,MYWSN,,B0CWRDF63T
B0CRM5WMQV,,,
B0CRM6HGWM,,,
B0CRRWVVRX,,,
B0CRVYK7MV,Me First Living,,B0CRVYK7MV
B0CRXWVS8Q,,,
B0CRZBL784,,,
B0CS3LJRQT,,,
B0CS8JFG8M,,,
B0CSKSC7W5,,,
B0CSL7YHH5,,,
B0CSPJ6Q6C,Natures Craft,"January 18, 2024",B0G2D298KS
B0CSWQRG83,,,
B0CSWV725N,WELLNESS LABSRX,"January 20, 2024",B0D63DVFYW
B0CT2CJZY6,,,
B0CT64G865,Peak Performance,,
B0CT95RBLL,,,
B0CT95ZH1X,,,
B0CT95ZWHC,,,
B0CT97DY9Q,,,
B0CTBV1VS5,,,
B0CTCGCP43,,,
B0CTD3GQDK,,,
B0CTD4JKTV,Host Defense,"January 26, 2024",B0141I82QU
B0CTD4P32V,,,
B0CTD4QGY3,,,
B0CTDXV9JH,,,
B0CTGMLD87,,,
B0CTKV15RX,,,
B0CTKWXTM8,,,
B0CTKXDGQ5,Hodgins Harvest,,B0GSH3MSS7
B0CTKY1G1D,LetaGreen,"January 30, 2024",B0G3XT187X
B0CTL127L4,,,
B0CTRXWLVF,Pure Health Brands,"February 1, 2024",B0CTRXWLVF
B0CTTS6W99,BIOptimizers,"February 8, 2024",B0D216F4FS
B0CV111JLW,,,
B0CV475FN8,,,
B0CV4LGZ59,,,
B0CV5W4C1Z,365 Whole Foods Market,,B0CV5W4C1Z
B0CV5ZZVT7,,,
B0CV6TBRHG,BulkSupplements,,B0CXCMJWZ6
B0CV9DNGXT,,,
B0CV9QKR4X,,,
B0CV9RT7Q7,,,
B0CV9S8RN5,,,
B0CV9SBVB4,Mn Mother Nature Inc,,B0CV9SBVB4
B0CV9T8M3S,,,
B0CV9VRYBL,,,
B0CVGLNZ6X,,,
B0CVM7WHPC,,,
B0CVMCHM7R,,,
B0CVN9CD48,NutraChamps,,B0CVN9CD48
B0CVNDCTNT,NUTRAHARMONY,,
B0CVNDT5ZR,,,
B0CVQTY915,Auri,,B0CVQTY915
B0CVQW156Y,,,
B0CVQWHPVL,,,
B0CVV9W5KD,,,
B0CVVGDFWP,,,
B0CVXDCFL9,,,
B0CVXQM41H,,,
B0CVXRJF9K,,,
B0CVXRJTQ3,,,
B0CVXTV1QK,,,
B0CW1W3YZ4,Vimerson Health,"June 11, 2024",B0CW1W3YZ4
B0CW373VQC,,,
B0CW3D41WH,Dmeisy,"February 21, 2024",B0GTLP95YZ
B0CW47BFLH,Terrasoul Superfoods,"February 21, 2024",B0CW47BFLH
B0CW6Q6F5C,,,
B0CW921PJ5,,,
B0CW9BTDX1,Help Supplements,"April 5, 2024",B0D2DF46K3
B0CW9HQT7R,,,
B0CWGVCY97,,,
B0CWJMW743,,,
B0CWJQ1LSJ,,,
B0CWJQN7JJ,,,
B0CWN8C5KR,Micro Ingredients,,
B0CWNR9BSV,,,
B0CWVWSBYN,,,
B0CXBJD6MZ,,,
B0CXLKZ85F,,,
B0CXPBRKFW,,,
B0CXPGWZ3D,,,
B0CXTG8YBZ,DR. EMIL NUTRITION,,B0CXTG8YBZ
B0CXTNZH2Q,,,
B0CXTQWSD2,,,
B0CY8X647P,,,
B0CYJCSD1P,Generic,,B0CYJCSD1P
B0CYK8F4Y8,,,
B0CYR5XYJY,,,
B0CYXP9HQJ,,,
B0CZ16WHQZ,,,
B0CZ36Y4LP,,,
B0CZ9PJ7VB,Wellneum,"March 28, 2024",B0GQCGYMLD
B0CZHS3R6C,,,
B0CZLZHKLV,,,
B0CZM7LK5Q,,,
B0CZMC67HM,,,
B0CZMCK9VQ,,,
B0CZMHDZ7P,,,
B0CZMPYGF3,NEW AGE,,
B0CZPGXZ2T,KOS,"April 2, 2024",B0D9WFVY5P
B0CZPHRP2P,,,
B0CZS25MHV,Beleon Goods For Life,,B0CZTL6JQ3
B0CZSJ6XCS,NATURAL STACKS,"April 3, 2024",B0FNFDKYW6
B0CZSPF8NR,,,
B0CZSQ8BLW,,,
B0CZWTN11P,,,
B0D163HR74,Horbäach,"April 8, 2024",B0D163HR74
B0D17FJ3K8,,,
B0D19DPJKW,,,
B0D1B239SJ,FUNGISIP,,B0D1B239SJ
B0D1B5T1ZC,,,
B0D1FX7LNP,,,
B0D1G5TQCF,,,
B0D1GWZKN3,,,
B0D1HGD59N,Zahler,"April 11, 2024",B0DRN8BVRH
B0D1J7XPJK,,,
B0D1JGJJDB,MUD\WTR,,
B0D1KQKWLM,,,
B0D1KSB823,Rainbo,,B0FHX2Y1QW
B0D1MVMKT3,,,
B0D1QG92MM,DR. BO,"July 5, 2024",B0D1QG92MM
B0D1QPMVTS,,,
B0D1RH4MTL,GRASSBERG,,
B0D1Y62YJ9,,,
B0D1Z5TZG7,,,
B0D1Z87QK8,,,
B0D1Z95SSG,ANDREW LESSMAN,,B0D1Z4JM1M
B0D1ZFRPC7,,,
B0D1ZH8ZPD,ANDREW LESSMAN,"April 17, 2024",B0D1Z4JM1M
B0D1ZK8QZT,ANDREW LESSMAN,,B0D1ZHQS8B
B0D1ZR88VM,,,
B0D26G8WTP,Natural Vida,,B0D26G8WTP
B0D2DVKS63,Laird Superfood,,B0FS9N8D1Y
B0D2JHRS8N,,,
B0D2JJ926Z,,,
B0D2LFFNYJ,NURAFUSE,"April 24, 2024",B0D2LP7R6R
B0D2MVS2KN,Suiyilary,,
B0D2R7QYVM,,,
B0D2RZW1J2,Generic,,B0D2S66XYK
B0D2S38V77,,,
B0D2S5M4DK,Micro Ingredients,"April 26, 2024",B0FY82HW24
B0D2S6H23L,,,
B0D2Y9XD5J,,,
B0D31XT3NN,,,
B0D3431VTN,Vet Promise,,
B0D37PKLSQ,,,
B0D38816T4,,,
B0D3D24565,,,
B0D3F8VLJG,,,
B0D3FL73GH,SMNutrition,"May 6, 2024",B0G72F251X
B0D3FMNBYY,Nature's Nutrition,,B0D85C4CBY
B0D3FQT3XJ,,,
B0D3J6TT9G,,,
B0D3J7KML5,,,
B0D3J7TJSF,,,
B0D3KMGPD6,,,
B0D3LV2TB1,Satoomi,,B0F62PY8CX
B0D3M7SSK3,,,
B0D3MD2DH3,,,
B0D3MDZTHB,,,
B0D3QV6N2N,,,
B0D3VM8CSG,,,
B0D3WWCDSF,BioSchwartz,"June 12, 2024",B0D8QHY5YN
B0D41N4J1Y,Toniiq,"May 27, 2024",B0DXLR99S3
B0D439RPXK,Nature's Nutrition,"May 13, 2024",B0D439RPXK
B0D43JRN54,Nature's Peak,"July 24, 2024",B0D43JRN54
B0D43MLWLQ,Shrumfuzed,"May 13, 2024",B0D43MLWLQ
B0D44CBK48,,,
B0D45B1VL3,Satoomi,"May 13, 2024",B0D45B1VL3
B0D49C1P2N,Bcuelov,,
B0D4D4N7GJ,,,
B0D4DVLPBY,,,
B0D4DW58QT,Satoomi,,B0F62PY8CX
B0D4G7WXZH,,,
B0D4GBNPB9,,,
B0D4GBTPJZ,Inner Elevate,,B0D4GBTPJZ
B0D4QSTQBK,Nature'sRhythm,"June 8, 2024",B0D4QSTQBK
B0D4RJ4SFB,,,
B0D54BTQXR,,,
B0D59V4285,VIGOROUS MOUNTAINS,,B0DSB7C7QJ
B0D5BQ4MPB,NUTRAHARMONY,,
B0D5C43749,,,
B0D5DQ74C9,Raaka,,B0D5DLR1K5
B0D5HPJFKN,,,
B0D5J7GG16,,,
B0D5JG3T4M,Troomy Nootropics,"May 29, 2024",B0D7KTR9NW
B0D5JPDT4C,Troomy Nootropics,,B0D7KNW3DX
B0D5JZ42PF,Troomy Nootropics,"March 25, 2024",B0D7KP1KYQ
B0D5K1V1S5,Troomy Nootropics,,B0D7KR1J9Y
B0D5MQVP8K,Triquetra Health,,B0G3BDW35K
B0D5N5GXSP,,,
B0D5SRMH5K,Northwest Naturals,"May 31, 2024",B09XP2LTQG
B0D63L872T,,,
B0D64141HX,,,
B0D66GG8ST,,,
B0D6B7CC5Y,,,
B0D6BZVCY8,,,
B0D6CMB2S3,Fantastic Fungi,"June 6, 2024",B0FX4WXZ96
B0D6CQZXHD,,,
B0D6JPKCQL,,,
B0D6M122H2,BREZ,,B0D85WXV32
B0D6M18322,BREZ,,B0D85WXV32
B0D6M1ZYPW,,,
B0D6NR7848,Little Saints,,
B0D6S7CBLD,,,
B0D6SGPVJX,,,
B0D6SGS6HQ,,,
B0D7B46VPM,,,
B0D7BTT8NG,Clean Nutraceuticals,"June 18, 2024",B0DQSJKJM1
B0D7D795H2,,,
B0D7D81P6S,,,
B0D7DT143T,365 Whole Foods Market,,B0D7DT143T
B0D7JJ91C8,,,
B0D7NV981C,,,
B0D7SX2KY9,,,
B0D7T3NHQG,Generic,"June 22, 2024",B0D7T3NHQG
B0D7ZKGPZ6,,,
B0D859SQWN,,,
B0D87BPW96,,,
B0D88HN2VG,360 Nutrition,,B0D8JJ12M5
B0D89BZXJM,MELTING FOREST,,B0D89BZXJM
B0D8JGKQHR,,,
B0D8JQRXS1,,,
B0D8JXGYR4,,,
B0D8KCD9YF,Catfit,,B0DWF9F3PB
B0D8LHSQZR,,,
B0D8M7Y747,Sanar Naturals,"July 2, 2024",B0D8M7Y747
B0D8PWQTTQ,,,
B0D8SXQXJ3,Shroomology,,
B0D8Y796W2,,,
B0D91NYTW8,Vitamatic,"July 8, 2024",B0GGNMNQ7Z
B0D92WMMKN,,,
B0D92Z6DZ8,NABELA,,B0D92Z6DZ8
B0D932K7RK,GURU,,
B0D93HRNQ3,,,
B0D94W291S,,,
B0D94ZBGX6,,,
B0D9592D7Y,ELEVEN TLC A WELLNESS CO.,"July 9, 2024",B0CLBFC2V9
B0D962V3G5,KEY ELEMENTS,"August 5, 2024",B0D962V3G5
B0D96539DP,,,
B0D98MFQK1,,,
B0D98RN7PH,Force Factor,"July 11, 2024",B0D98RN7PH
B0D98SLV5F,,,
B0D9BG9GLP,,,
B0D9D5QC64,,,
B0D9FN3V9M,BESUPERT,,B0D9FNC9B5
B0D9G3NHHN,,,
B0D9KWRKHZ,,,
B0D9L3NDDT,,,
B0D9M9C8TW,,,
B0D9MWTZFC,Force Factor,,B0D9MWTZFC
B0D9NCHKMD,,,
B0D9PJ49H9,,,
B0D9PNR98T,,,
B0D9R4MQQT,Namhya,,B0D9R4MQQT
B0D9SCQHF3,,,
B0D9WRDGZM,FatCaps Mushrooms,,B0D9WRDGZM
B0D9YRXP6M,Vybe Wellness,,B0D9YRXP6M
B0D9YSQ8L6,Real Mushrooms,"July 25, 2024",B0D9YSQ8L6
B0DB1H6X35,funkti,"August 17, 2024",B0FQB1KWC7
B0DB1RM8N3,,,
B0DB2MFCC8,Primal Source,,
B0DB5JHL1G,,,
B0DB7YX4K8,,,
B0DBB51S75,,,
B0DBJ222R6,,,
B0DBMQJT5N,,,
B0DBN3MJCF,,,
B0DBQHJWPM,WONDER FAMILY,"July 31, 2024",B0F4LQFMRD
B0DBQHSVP9,,,
B0DBQLRF61,,,
B0DBR8Y3ZM,,,
B0DBRBQZJV,PRISTINE'S,,B0DBRBQZJV
B0DBRFLFRZ,PRISTINE'S,,B0DBRFLFRZ
B0DBRFR328,,,
B0DBRHL4NM,PRISTINE'S,,B0DBRHL4NM
B0DBSY4TFP,,,
B0DBT3XKW2,FULLY NUTRITION,"August 1, 2024",B0DSYHJXPY
B0DBWB9N7F,,,
B0DBZSYF4Z,,,
B0DC18MY4G,,,
B0DC46D6VW,,,
B0DC6WH55V,,,
B0DC81PWQY,,,
B0DC8K34KB,,,
B0DCC32S7J,,,
B0DCF3JSWW,,,
B0DCFQ6ZY4,,,
B0DCHDQJB9,Xero Picks,"August 7, 2024",B0D58VQQR3
B0DCHFNTQ1,,,
B0DCJ4Y7JG,,,
B0DCJ7TNSY,,,
B0DCK4LBMW,Ayorish,"August 8, 2024",B0DCK4LBMW
B0DCKC6VPN,,,
B0DCKF7WCJ,,,
B0DCKGJNS6,,,
B0DCKHNVXT,,,
B0DCWM89D2,,,
B0DCYRYCLV,,,
B0DCZG76K4,WELLNESS LABSRX,,
B0DCZMY99R,BioEmblem,"August 13, 2024",B0DCZMY99R
B0DCZXGS9W,TRIP,,
B0DD1JFQRG,,,
B0DD1K4345,,,
B0DD2LN35S,,,
B0DD4HX5D6,STARFIT,,B0DD4HX5D6
B0DD4KSDXW,,,
B0DD7XP997,,,
B0DD7XWF3C,NEXGEN BLENDS,,B0DNND3453
B0DDCJFFBM,Venture Pal,,B0GL7VFMN6
B0DDJSKK83,LUV health,,B0DDJSKK83
B0DDL3L9X7,,,
B0DDMYPQWH,,,
B0DDNJLBR2,RoaYuaSSence,,B0DDNJLBR2
B0DDS1X68H,,,
B0DDWS73GG,,,
B0DDWZDR3T,,,
B0DDY7BPTN,,,
B0DDY9GDNQ,Lucid,,
B0DDYBG1XN,,,
B0DDYDSCY4,,,
B0DF1D85WY,Balincer,,
B0DF6KZTVV,,,
B0DF7L9GQH,,,
B0DF85KQ6V,,,
B0DF8LW3R9,,,
B0DF92S5CQ,,,
B0DFBMVX7T,Venture Pal,,B0GL7VFMN6
B0DFGMHMJ5,,,
B0DFHC5SCP,Qazwer,,B0DFHC5SCP
B0DFHZN3K7,,,
B0DFKXTC96,,,
B0DFMVD3YX,,,
B0DFNCL4CW,Barker Wellness Co,"August 29, 2024",B0GK4KHPDF
B0DFR81J7T,Why Not Natural,"August 30, 2024",B0DFR81J7T
B0DFRCLKVV,RYZE SUPERFOODS,,B0DFRCLKVV
B0DFRL7P77,,,
B0DFRX59R2,RYZE SUPERFOODS,,B0DFRX59R2
B0DFRXQS9R,,,
B0DFXN9N1Y,,,
B0DG4728XJ,,,
B0DG5YTSXY,,,
B0DG64J5Z6,,,
B0DGC5H5SC,HEALOADING,"September 7, 2024",B0DGC5H5SC
B0DGD9WV9R,Darkingwings,"September 7, 2024",B0DGD9WV9R
B0DGG1NRDN,,,
B0DGPGTDBS,,,
B0DGQ63ZYV,Bcuelov,,
B0DGSJ4BC4,,,
B0DGTXSJN4,Ved,,B0DGTXSJN4
B0DGV79J13,VitaUp,"January 4, 2025",B0F92J14DY
B0DGVZD1WX,,,
B0DGWDSH8G,,,
B0DGX4BB2Z,,,
B0DGXVQJHM,,,
B0DH3MG7TT,,,
B0DH556MNF,Carlyle,"September 16, 2024",B0DH556MNF
B0DH6HYYR5,JUNI,,
B0DH7N5N9Q,,,
B0DH85Q57W,,,
B0DHJBTJC2,,,
B0DHLRLTX6,Stay Wyld Organics,"October 4, 2024",B0DHLRLTX6
B0DHLT551J,,,
B0DHLTZTQL,Wild & Organic,"September 20, 2024",B0DXX3KFY9
B0DHLVWT84,,,
B0DHLW1M7S,,,
B0DHP915W6,Bunkell,,
B0DHPGMLXW,TAOTERS,,B0FKGKWNQJ
B0DHW189LD,DR. MORITZ,"September 24, 2024",B0F1N3JKCT
B0DHW1CXHM,DR. MORITZ,"September 24, 2024",B0F1N3JKCT
B0DHW7D2TH,North Spore,,B0DHW7D2TH
B0DHW7F2CK,North Spore,,B0DHW7F2CK
B0DHWGZTCS,Z Natural Foods,"September 24, 2024",B0G1NRBKW6
B0DJ155BWX,,,
B0DJ1SJVFH,,,
B0DJ3RFNN1,Nutrition Re,,B0FL53QZB4
B0DJ5DS75S,,,
B0DJ88WZP2,,,
B0DJBCH4ZQ,,,
B0DJCW5FV9,,,
B0DJCXBRGQ,,,
B0DJG38PY1,kokora,,B0DJG38PY1
B0DJG398HF,FITO MEDIC'S,"October 3, 2024",B0DJG398HF
B0DJG4VHXK,,,
B0DJJLKBCK,,,
B0DJL8HHZ3,,,
B0DJLT19H6,,,
B0DJP8Y721,Toniiq,"October 27, 2024",B0DXLR99S3
B0DJPNZZV6,aSquared Nutrition,,B0DJPNZZV6
B0DJPV2D1P,,,
B0DJSCJGX8,YEGE,,
B0DJSKQRPM,YEGE,,
B0DJSWF852,,,
B0DJV3CDD9,,,
B0DJVGBXGF,Gomhoreye,,B0DJVGBXGF
B0DJWQN3G7,DEAL SUPPLEMENT,,
B0DJWRLHQT,,,
B0DJWV4BQ1,RYZE SUPERFOODS,,B0DJWV4BQ1
B0DJWW7Y5D,,,
B0DJX95JT4,,,
B0DJXF9KRS,,,
B0DK24ZSHD,,,
B0DK27GYN5,,,
B0DK2D2HQG,,,
B0DK2M4LM5,,,
B0DK3XWNHX,bogomo,,B0DK3XWNHX
B0DK42MHVG,,,
B0DK489RNS,Clean Nutraceuticals,,
B0DK49NB6F,,,
B0DK4B461R,,,
B0DK6H36TP,,,
B0DK9VZPPV,,,
B0DK9WB57Q,Rainbo,,B0DK9WB57Q
B0DK9WCB3S,,,
B0DK9WDH33,,,
B0DK9WLH2K,,,
B0DK9WR2G5,,,
B0DK9WRCZX,,,
B0DKB19KKS,,,
B0DKBQJ3BC,Hims.&.Her,,
B0DKCHHQC1,,,
B0DKCKGN6J,,,
B0DKCL1M6G,Stajcar Stoneworks,"October 19, 2024",B0DKCL1M6G
B0DKDK2N7S,,,
B0DKF6Q4XY,B BEWORTHS,"October 21, 2024",B0F1YB2F9N
B0DKG6LJYN,,,
B0DKRYJF6V,Generic,,B0DKRYJF6V
B0DKY8P1SV,,,
B0DL1PVR71,LYFE,,B0GFXZKZ81
B0DL23TCV5,,,
B0DL5H6LHN,HEALOADING,"October 28, 2024",B0DL5H6LHN
B0DL5S8KSF,,,
B0DL6JZF9F,,,
B0DL6ZMFDB,OhmYes,,B0DL6ZMFDB
B0DL948TC7,ZULHGVIN,,B0DL948TC7
B0DL9H7WKF,,,
B0DLK6C7LV,B BEWORTHS,,B0FH2RT8VD
B0DLLFQNJJ,,,
B0DLM144LJ,Clean Nutraceuticals,"October 31, 2024",B0DLLSZCF8
B0DLTH7X7G,,,
B0DLTRN37X,,,
B0DLXLS56Z,,,
B0DLYP65XT,,,
B0DLZM56NY,,,
B0DM17ZWGZ,,,
B0DM1BFGSZ,,,
B0DM1WGX4G,,,
B0DM23TMVS,,,
B0DM464NG1,,,
B0DM48VF5X,,,
B0DM4K6J3D,,,
B0DM5SMSMR,Balincer,,
B0DM65T9VN,,,
B0DM74W7RQ,,,
B0DMBDTCMP,,,
B0DMBNQLL4,,,
B0DMN2TGQ1,Vitamatic,"November 11, 2024",B0DMN2TGQ1
B0DMTJ8LW4,Livessa Home,,B0DN1KNGYM
B0DMTX15GY,,,
B0DN1X25D8,Suiyilary,,
B0DN23LZN1,North Spore,,B0DN23LZN1
B0DN2YNDNP,Lunakai,"April 4, 2025",B0F79X4CXP
B0DN5KFMZM,,,
B0DN5Y3RF6,,,
B0DN7GQ5WY,,,
B0DN7ZHS8Y,Grüns,,
B0DN88S4FH,Grüns,,
B0DN8KKS1C,,,
B0DN972M8N,Bcuelov,,
B0DNGCC8GK,,,
B0DNJPJQLH,TAOTERS,,
B0DNLMTJF8,,,
B0DNN4KNC7,,,
B0DNNC8DR8,PowderVitamin,"November 20, 2024",B0DRLF41MH
B0DNNX54Y5,,,
B0DNNYRMQ6,,,
B0DNR9JL68,PowderVitamin,"November 21, 2024",B0DRLF41MH
B0DNRGTR8K,Wild & Organic,"November 21, 2024",B0G1S2BSSD
B0DNRH8C6X,,,
B0DNRHYFWL,Wild & Organic,"November 21, 2024",B0G1S2BSSD
B0DNRPJSHZ,,,
B0DNSQNJ6R,JUYIHEAL,,B0FJ1ZV8NF
B0DNT679P8,,,
B0DNY7LWCD,Stajcar Stoneworks,,B0DNY7LWCD
B0DNZV5XR7,HerbaMe,,B0DNZV5XR7
B0DP244JX5,,,
B0DP2H7WC6,,,
B0DP366T5G,,,
B0DP3QF34H,DORADO NUTRITION,"February 2, 2025",B0DVVZNM3R
B0DP4FB2LX,7th Manna,,B0DP4FB2LX
B0DP7R41YS,HealthyFinds,,B0DP7R41YS
B0DP7XTD1L,Dr. Mercola,,B0DP7XTD1L
B0DP9BJFS9,,,
B0DPD92B7D,,,
B0DPFL2M1H,,,
B0DPFNZJ9S,,,
B0DPG8K596,,,
B0DPH864XL,,,
B0DPJDV35Z,Boyd Labs,,B0DPJF5GNZ
B0DPK7533Q,QIN SHAN TANG,,B0DW3JLK89
B0DPLDYMVV,,,
B0DPLHPJYG,,,
B0DPLJ8BCY,Clean Nutraceuticals,"December 4, 2024",B0DPLJ8BCY
B0DPLN36GT,,,
B0DPLYDG7Z,,,
B0DPNCYQVX,,,
B0DPPNKCXT,,,
B0DPR69556,,,
B0DPR6GBS6,,,
B0DPRN9HB5,,,
B0DPW89XLB,MARGXO,,B0DPW89XLB
B0DPXZSCFF,,,
B0DQ2BJHZ5,biophix,"December 10, 2024",B0DQ2BJHZ5
B0DQ2JYBBF,Nature's Nutrition,"December 10, 2024",B0DQ2JYBBF
B0DQ2Y8WGG,RYZE SUPERFOODS,,B0DQ2Y8WGG
B0DQ5JD3BB,,,
B0DQ5SH2VV,,,
B0DQ5V5SJJ,,,
B0DQ8ST294,Moon Laboratory,,B0DQ8ST294
B0DQ92WSRR,North Spore,,B0DQ92WSRR
B0DQFNB1WT,,,
B0DQLHVFCX,,,
B0DQRH5WYW,,,
B0DQVGBR5X,FOTN,,B0DQVGBR5X
B0DQVGRFDB,,,
B0DQVKC5MX,,,
B0DQWM22YR,SAYUU,,B0DQWM22YR
B0DQWXLHMR,,,
B0DQX48NBB,,,
B0DQXCCBB5,,,
B0DQXT17XY,,,
B0DQXVTD45,,,
B0DR2VDR43,,,
B0DR2WHCPZ,,,
B0DR2ZTDQH,,,
B0DR82J544,,,
B0DR83QYNV,,,
B0DR847VWN,,,
B0DR9JC788,,,
B0DRT1K3HX,,,
B0DRTZPV54,,,
B0DRWBHNNJ,,,
B0DRWCFY5F,,,
B0DRWDJC6K,More. Longevity & Wellbeing,,B0FNPXHCBX
B0DRYD52BD,,,
B0DS23RBVZ,Balincer,,
B0DS2KF2LP,,,
B0DS2N1MTZ,ColonBroom,"March 1, 2025",B0FG8DN9GP
B0DS67DX1F,,,
B0DS68XN9L,,,
B0DS6KN6GC,BioSchwartz,"February 5, 2025",B0F2TPXQZH
B0DS6Q88VS,,,
B0DSB81PNT,,,
B0DSB8HM9J,Organic Cadane,,B0DSB8HM9J
B0DSBCN5Z6,,,
B0DSBXC76V,,,
B0DSC6CX7L,,,
B0DSCKH5MN,,,
B0DSCQJTQ1,,,
B0DSG8G5QF,Two River Mushroom,,B0FLKN6LF6
B0DSGF2LWX,,,
B0DSJ3D62B,,,
B0DSL8SPFR,Organic Cadane,"January 9, 2025",B0DSL8SPFR
B0DSLTV6W2,,,
B0DSLVLQZS,,,
B0DSQQQ8KH,nootrimind,"January 10, 2025",B0DSQQQ8KH
B0DSSHKFN7,Ninsiec,,
B0DST55KP7,,,
B0DT1KJYY2,PPG BEST,,B0DT1KJYY2
B0DT27GFVW,Fungies,"January 14, 2025",B0DS2W4P7X
B0DT2DLSW2,KUA,,B0DVD574XP
B0DT2GHRZF,,,
B0DT63GH7B,Syokupoe,"January 16, 2025",B0F6YKN7TX
B0DT7HZJ7R,,,
B0DT9D641P,UpCup Koffee,,B0DT9D641P
B0DT9VCQT3,,,
B0DT9W4TPK,ZhuGuaCo,,B0DT9W4TPK
B0DTBRJ8SS,DLNIA,,B0DTBRJ8SS
B0DTCC1H7J,,,
B0DTHYK85S,Venture Pal,"January 20, 2025",B0F7RR4C7J
B0DTJ9XZTR,Kinoko Mushroom Coffee,,B0DTJ9XZTR
B0DTJHTL2V,Zahler,"January 20, 2025",B0DTJHTL2V
B0DTJJXS5R,Grateful Pawz,,
B0DTJL35J6,,,
B0DTKC6VCD,,,
B0DTL3CM4T,,,
B0DTLCYSQ1,,,
B0DTLLZ67S,,,
B0DTLNRB7B,,,
B0DTLQ9F5F,,,
B0DTLS4P3M,,,
B0DTLXLKZN,,,
B0DTM3HPNG,,,
B0DTM4WRRK,Nuyu Coffee Co.,,B0DTM4WRRK
B0DTM786YS,,,
B0DTM9V195,,,
B0DTMX6H36,,,
B0DTQ7LGVX,KeosPharma,"January 20, 2025",B0G2S3TFXG
B0DTV14CK5,WILDFIELD HERBS,,B0DTV14CK5
B0DTV6VW2J,NØØT,"January 23, 2025",B0DTV6VW2J
B0DTWPP6WB,,,
B0DTZ5BGMB,,,
B0DV1265SM,Blueprint Bryan Johnson,,B0DV1265SM
B0DV8V59N5,Renude,,B0BV9B3PVL
B0DVBQBRWD,Flow Pouches,,
B0DVC97W61,,,
B0DVCBY24Y,,,
B0DVDL51WK,,,
B0DVHVCPJG,,,
B0DVRTYRBL,,,
B0DVZPVWZQ,Sundance,,B0DVZPVWZQ
B0DW1KRVK2,SHII,,B0CSSR8L6D
B0DW1MT2N1,Laird Superfood,,B0F1GBP68D
B0DW3ZY4CY,,,
B0DW5ZTC1T,VitaCup,,B0DW5ZTC1T
B0DW642WZJ,,,
B0DW64QNJ3,Clean Nutraceuticals,"May 21, 2025",B0DW645YR2
B0DW6JPZV2,,,
B0DW8T5YM3,KEDISOM,"November 12, 2024",B0DW8T5YM3
B0DWD49RTW,,,
B0DWFCYNG6,,,
B0DWH4MLBL,,,
B0DWLX7RN8,Melting Forest,,
B0DWN1JLPD,Buporai,,B0FDQG9BGF
B0DWSK8XC7,,,
B0DWVBS8MW,,,
B0DX5M4G8F,Silver Star Nutrition,"February 14, 2025",B0FZSFS5BZ
B0DX61S434,Silver Star Nutrition,"February 14, 2025",B0FZSFS5BZ
B0DX6JN7CC,,,
B0DX6PQ6ZR,QIN SHAN TANG,,B0DX6PQ6ZR
B0DX6WRPD4,,,
B0DX6WSYNF,QIN SHAN TANG,,B0FKGGFJFZ
B0DX768D6N,,,
B0DX793GXJ,,,
B0DX88J9S4,Nature's Bounty,"April 7, 2025",B0DX88J9S4
B0DXF55TR4,,,
B0DXFCQ1XR,,,
B0DXHHL79K,,,
B0DXHLD25Y,Atlas Coffee Club,,
B0DXHW4P6B,,,
B0DXJFL5WG,YEGE,,
B0DXL49ZZX,,,
B0DXL83222,,,
B0DXVD5GFP,The Sporing Company,,B0DXVD5GFP
B0DXX46VX9,,,
B0DY79NWX8,Vitalibre,"July 28, 2025",B0DY79NWX8
B0DY7FXWVX,Balincer,,
B0DY9JLT75,,,
B0DYDK3LY7,,,
B0DYFF74LD,,,
B0DYK9LWCF,,,
B0DYPDDSWZ,KEY ELEMENTS,,B0DYPDDSWZ
B0DYPK1LQY,,,
B0DYQ8KHV7,,,
B0DYQRVYGC,,,
B0DYT7MQFS,,,
B0DYTZ4XHQ,,,
B0DYV7RXMV,,,
B0DYVD9VLG,,,
B0DYVSQ44F,,,
B0DZ1BC95D,,,
B0DZ2P4YLQ,Host Defense,,B0DZ2P4YLQ
B0DZ2V9TFR,,,
B0DZ4VQ3K5,Pets Are Kids Too,,B0GPSZMFR5
B0DZ6K3CNJ,,,
B0DZBSXL85,,,
B0DZBZBYDF,,,
B0DZCZ6NDQ,Fidus,"March 5, 2025",B0GG9ZJNCH
B0DZD1JXB1,Fidus,,B0FFLG5GB4
B0DZD3HQMV,,,
B0DZHDJFBK,VIGOROUS MOUNTAINS,"March 6, 2025",B0DZHDJFBK
B0DZJ38LXX,,,
B0DZJZDSPM,XPONENTIAL,,
B0DZX5NYGC,,,
B0DZZ8WMW3,,,
B0F12H2LVK,The NA Beverage Company,,B0F3YKGSDJ
B0F1747PV4,,,
B0F17P8R9B,,,
B0F1865H1S,,,
B0F18PQ3ZQ,Bcuelov,,
B0F19B657M,,,
B0F1BWLTL4,MYCL,,B0F1BWLTL4
B0F1BZXNT1,,,
B0F1CF2W87,,,
B0F1D3YCMB,MaxuraFit,,B0FHTLT719
B0F1D8PD96,,,
B0F1DRXXKR,Everyday Dose,,B0DP5GZQ1T
B0F1DTBZX1,Laird Superfood,,B0F1DTBZX1
B0F1KXRZQL,MOM NUTRIX,,B0F1KXRZQL
B0F1T2772N,Happy Healthy Hippie,,B0F1T2772N
B0F1W6JYQV,,,
B0F1XPP9GC,GLOWLIXIR & CO,"May 16, 2025",B0F1XPP9GC
B0F1Y7K68B,YEKOE,,
B0F1Y87DND,CLEVER MUSHROOMS,"March 19, 2025",B0F1YBLHH3
B0F1YW7WSG,,,
B0F1YY8NHZ,,,
B0F219PZSW,,,
B0F21TNQ86,,,
B0F22SD7FY,Moksh Premium,"June 22, 2025",B0F22SD7FY
B0F23BJ4JF,,,
B0F24XN56W,Gusevit,"March 21, 2025",B0F24XN56W
B0F2544M4D,,,
B0F25FZG5H,,,
B0F294D5KG,,,
B0F29DWX38,Tioewque,,B0F93LG93L
B0F29NB3HC,,,
B0F2B9NBPF,,,
B0F2FPQKF4,,,
B0F2FPSL6V,,,
B0F2FPWJDV,,,
B0F2FQCBK3,,,
B0F2FQFCP8,Ohana Mushrooms,,B0F84G69CP
B0F2FRCQ8S,,,
B0F2FRHBMN,,,
B0F2GPGKKY,,,
B0F2GYR9K4,,,
B0F2HP9D1N,zgrdhw,,B0F7RJHWPW
B0F2HV6VH5,,,
B0F2MX1GPH,,,
B0F2Q63TS1,,,
B0F2R6TNBS,,,
B0F2T6BFZH,,,
B0F2T6FPYL,,,
B0F2ZG5J2Y,ZREVSB,,B0FP1VXS4F
B0F369GYL8,Addall,,B0F369GYL8
B0F378WQRH,,,
B0F38VMWDG,,,
B0F39J1Y2H,MERRY VITA,"April 1, 2025",B0F39J1Y2H
B0F3B12MSV,,,
B0F3CMMWDK,,,
B0F3D5H57D,seminhoof,,B0F3D5H57D
B0F3H1V1PX,,,
B0F3J3XWRS,,,
B0F3JLNN8X,,,
B0F3JWVHTY,,,
B0F3LQ12H8,funkti,,B0FQB9NCCL
B0F3LYXLGY,funkti,,B0FQB1KWC7
B0F3TDXWWP,,,
B0F42L9BH6,,,
B0F434R3RK,,,
B0F4468Z8L,,,
B0F44FSYHP,Amazing Botanicals,,B0FKV554L8
B0F48NXJPL,,,
B0F48SQSGD,BeWonder,,B0FH2XQP4C
B0F4925M7T,,,
B0F4D84GJ8,JUYIHEAL,"April 19, 2025",B0FJ1ZV8NF
B0F4F5PLYC,,,
B0F4MKW7Z2,,,
B0F4MXTC76,,,
B0F4RBGQ77,,,
B0F4RS5JZ7,Rapid Fire,"April 14, 2025",B0F4RS5JZ7
B0F4XMDBHM,,,
B0F4Y75TVB,,,
B0F4YJJRH2,SPACE AND TIME,,B0F4YJJRH2
B0F4YK5W1R,,,
B0F4YSFCWT,,,
B0F4Z4D8C7,,,
B0F4Z959YZ,SPACE AND TIME,"April 15, 2025",B0FTHMFHVW
B0F53TJKS2,,,
B0F53TKHST,,,
B0F54452TV,Phillips Mushroom Farms,,B0F54452TV
B0F56741HT,,,
B0F5979C6X,,,
B0F59ZWKL4,,,
B0F5B2GQCF,YoYoJo,"April 17, 2025",B0FPMN5M48
B0F5F121C8,,,
B0F5HSTG14,,,
B0F5LNMY8H,,,
B0F5M6J48C,,,
B0F5PRF2Q2,,,
B0F5QKFSJW,YoYoJo,,B0FPMN5M48
B0F5QZ7VRH,NØØT,"April 21, 2025",B0F5QZ7VRH
B0F5VLZWGS,,,
B0F5XB1TKW,,,
B0F5XV6J3J,,,
B0F5XVCWW9,,,
B0F5Y9NNZK,,,
B0F5ZHC37K,,,
B0F63RVQJ3,Amazing Botanicals,"July 4, 2021",B0FKV554L8
B0F63SGPJW,,,
B0F63TP3Y6,,,
B0F656NQ7D,QIN SHAN TANG,,B0FGDPXY8T
B0F672CFWQ,,,
B0F6B57LZV,Hewleshen,"April 25, 2025",B0F6B57LZV
B0F6CVJHC7,,,
B0F6DF9RLM,,,
B0F6F81WWP,,,
B0F6GGYNQT,,,
B0F6JQG8T5,,,
B0F6KL44WQ,High Ground,,B0FCN3RSJD
B0F6L7P6T4,,,
B0F6LYBRXG,,,
B0F6M22WNQ,,,
B0F6M312TK,,,
B0F6M4JBNW,,,
B0F6NY4HRV,,,
B0F6PQYWS8,,,
B0F6QZG1XQ,,,
B0F6SHN4HZ,,,
B0F6TKNVSV,Nubetong,,B0F6TKNVSV
B0F6TVY2DZ,SÖPÖSÖPÖ,,B0F6TVY2DZ
B0F6V8PNRY,Novure,"August 4, 2025",B0F6VHBD4K
B0F6XDTM27,ProMix Nutrition,,B0F6XDTM27
B0F71S9B12,,,
B0F71TY4DK,Wunderground,,B0F71TY4DK
B0F72NL525,,,
B0F74MNX7Y,,,
B0F74TJ17P,MUD\WTR,,B0F74TJ17P
B0F7H7JW9W,,,
B0F7LYQHVC,,,
B0F7PG1MF7,Pentaspore,"May 6, 2025",B0F7PG1MF7
B0F7R8WH9R,,,
B0F7RGYJ38,,,
B0F7TQVCTK,,,
B0F7XNVM4T,OMOGS,"May 8, 2025",B0F7XNVM4T
B0F83ZYR2Y,OMOGS,,B0F83ZYR2Y
B0F84FVWR3,,,
B0F89NRWMV,,,
B0F8B1HRBX,,,
B0F8B351T4,CANLIST,"May 12, 2025",B0F8B351T4
B0F8B4Q8Y9,CANLIST,"May 12, 2025",B0F8B4Q8Y9
B0F8B6WSJT,CANLIST,,B0F8B6WSJT
B0F8B9T7PZ,,,
B0F8DQS8QD,,,
B0F8DTCSKH,SunLab Essentials,,B0F8DTCSKH
B0F8FBYWQP,Harmonic Grounds,,B0F8FBYWQP
B0F8FFCDKN,Harmonic Grounds,,B0F8FFCDKN
B0F8FN676Q,,,
B0F8FV656Z,,,
B0F8HXDRDW,,,
B0F8HXNY5N,Venture Pal,,
B0F8JVGSW5,,,
B0F8K7M9Y2,,,
B0F8KHS56N,,,
B0F8KNM517,Complete Natural Products,"May 13, 2025",B0F8KNM517
B0F8NNYWQD,,,
B0F8NT453C,,,
B0F8PSKR5Z,KAACHLI,"January 5, 2022",B0GG8WLY2V
B0F8RDY546,,,
B0F8RG74WW,,,
B0F8RHCWH4,,,
B0F8RHND3Q,,,
B0F8RJ226F,,,
B0F8VH2PMG,Bunkell,,B0F8VH2PMG
B0F8VHN8KX,Bunkell,"May 16, 2025",B0F8VHN8KX
B0F8W2JRLY,,,
B0F919TJJ7,,,
B0F992L2J6,,,
B0F9933J9Y,,,
B0F9963634,,,
B0F99KJVPZ,,,
B0F9B3MTQR,,,
B0F9B829L6,,,
B0F9DDW8KF,,,
B0F9DZK2DM,,,
B0F9FHM8ZX,,,
B0F9GMV2KW,,,
B0F9GSVXQM,,,
B0F9M979ZM,SKY NUTRITION,,
B0F9MD8G9W,,,
B0F9NQ8GQ1,Forest Caps,"May 28, 2025",B0F9NQ8GQ1
B0F9P9KTZ2,QIN SHAN TANG,,B0F9P9KTZ2
B0F9PGLW29,TRIP,,B0FWMZFC59
B0F9PJB8DS,,,
B0F9V7WY2N,,,
B0F9WCNXQT,,,
B0F9WQ7DYV,,,
B0F9WR7ZKF,,,
B0F9WV2WXL,,,
B0F9WW8JKQ,Tecepec,"July 7, 2025",B0F9WW8JKQ
B0F9XMJXW6,DORADO NUTRITION,,B0F9XMJXW6
B0F9ZSF1RH,,,
B0FB3VYWCJ,,,
B0FB3YTP6L,PUTRIZEN,,B0FB3YTP6L
B0FB3Z4D8H,,,
B0FB45R3LV,,,
B0FB58T93W,,,
B0FB6DWCCC,Fully Loaded Bullseye,,
B0FB6M4MM5,,,
B0FBDJ4VFN,,,
B0FBDQBVC4,,,
B0FBFD56HB,,,
B0FBFP2C4Z,Onznoz,"May 30, 2025",B0FBF7G4WK
B0FBFPCQMM,,,
B0FBG5DMN3,Onznoz,"May 30, 2025",B0FBF7G4WK
B0FBLVMKGT,,,
B0FBLVZX2L,,,
B0FBLW1NZD,,,
B0FBLWD2KL,,,
B0FBLX4289,HERBAMAMA,,B0G6MXF857
B0FBLXWK3S,,,
B0FBM9T8NJ,,,
B0FBMMKY1M,,,
B0FBPCG4C6,,,
B0FBRTNHQ9,,,
B0FBS83N23,Frontier Co-op,"May 28, 2025",B0GSSJLS54
B0FBS9GGHY,,,
B0FBTKKWKC,HOMODEUS,,B0FBTKKWKC
B0FBTNMRBF,,,
B0FBWL6FVD,,,
B0FBX7L32L,,,
B0FBZ39C1V,,,
B0FC29KW33,Bcuelov,,
B0FC3Y8DTH,,,
B0FC5ZM5KH,,,
B0FC6PPVGD,,,
B0FC7XFQ42,Addall,,B0FC7XFQ42
B0FC8JLS3Y,BREZ,"June 10, 2025",B0FQ7WS9Z1
B0FC8VPBTW,,,
B0FC8XPJ16,,,
B0FC97NFM3,,,
B0FC99949R,,,
B0FC9PT9Z9,,,
B0FCCKQ3Z9,Formulation Factory,,
B0FCCL9J3M,,,
B0FCFR5XLM,,,
B0FCM7JPG7,Lite Supply,"June 10, 2025",B0FCM7JPG7
B0FCR4V7J5,JUYIHEAL,,B0FJ1ZV8NF
B0FCRNSVY4,Penhoment,,B0FCRNSVY4
B0FCS2M8RM,,,
B0FCSR3693,,,
B0FCWDLNQG,Mycomatrix,,B0FCWDLNQG
B0FD33TBXG,GUSUPY,"June 13, 2025",B0FD33TBXG
B0FD3XC733,,,
B0FD59P7W7,,,
B0FD728FXW,SIGNILIFE,,B0FG2PS7LR
B0FD7LNR14,SIGNILIFE,,B0FG2PS7LR
B0FD834DBD,,,
B0FD9BGQ67,,,
B0FD9BSDCG,,,
B0FDF14GH9,Mind Bloom,,B0FDF14GH9
B0FDF4SW3T,,,
B0FDF53Y9C,,,
B0FDGCSJGL,,,
B0FDGJKF93,,,
B0FDJ6SF66,Native Essentials,,B0FDJ6SF66
B0FDJQX61R,,,
B0FDJV46Z3,Magic Mind,,B0FDJV46Z3
B0FDK3C43C,,,
B0FDK79YXC,,,
B0FDK9YX3P,,,
B0FDKDZ9GD,,,
B0FDKL5CDH,,,
B0FDLBRRB1,,,
B0FDM3NSL1,Amazing Botanicals,"June 18, 2025",B0FDMQQSWZ
B0FDMXN5J5,,,
B0FDNMY546,,,
B0FDQDB158,KPOAPERA,"June 19, 2025",B0FDQDB158
B0FDX8W7JX,,,
B0FDXYHY7K,,,
B0FF1H3FPB,,,
B0FF1WSH2T,,,
B0FF44GDLD,,,
B0FF518VTN,,,
B0FF51HRL7,,,
B0FF597RJ8,,,
B0FF5GY2VP,Sunny Within,"September 2, 2025",B0FF5GY2VP
B0FF7HDS1X,,,
B0FF7K26X4,,,
B0FF9KCX6S,Volocatilly,"June 24, 2025",B0FP125M37
B0FF9KMYGK,Volocatilly,,B0FF9KMYGK
B0FF9RJZN6,,,
B0FFCLTC3Q,Crockett Coffee,,B0FFCLTC3Q
B0FFD5VT5G,,,
B0FFDQ5KYV,,,
B0FFDW3T18,,,
B0FFH736PX,,,
B0FFH7T9P1,Generic,,B0FFH7T9P1
B0FFMPMNJW,ClarivyHealthora,"June 26, 2025",B0FFMPMNJW
B0FFN3861B,,,
B0FFN3CQJV,,,
B0FFPSJB9D,TrueMushroom,"June 26, 2025",B0FFPSJB9D
B0FFPZ17LL,TrueMushroom,"June 26, 2025",B0FFPZ17LL
B0FFRKY2N1,,,
B0FFSWZN8X,,,
B0FFSY84CN,FW ZONE,"June 27, 2025",B0FFSY84CN
B0FFYPNRH3,,,
B0FG1VRDWC,,,
B0FG275H1Z,Mecisco,"June 30, 2025",B0FG275H1Z
B0FG2H35XR,HiPlus,,B0FMFNKX84
B0FG3J2SX3,,,
B0FG6LR4ZV,,,
B0FG78MBJH,,,
B0FG7HWBTH,,,
B0FG7JCT39,Satoomi,,B0FG7JCT39
B0FG846683,,,
B0FGDDKMZX,ZOAAD,,B0FGDDKMZX
B0FGDFJ2CX,,,
B0FGFPWYQF,,,
B0FGFQ1YN1,,,
B0FGJTBQ51,Suiyilary,,B0GTGKH67R
B0FGKJD22C,Micro Ingredients,"July 3, 2025",B0FGKJD22C
B0FGM642DM,zen pure,"July 4, 2025",B0FGM642DM
B0FGPHYK1B,,,
B0FGV62GFQ,,,
B0FGVXMVLT,,,
B0FGWDM31Q,,,
B0FGWL8RRF,,,
B0FGZ3H3YD,,,
B0FH1RMJW7,ZENV,,B0FH1RMJW7
B0FH2GPBQH,,,
B0FH5MXP2Q,,,
B0FH9W5PRX,Veltracha,,B0FH9W5PRX
B0FHDBC586,,,
B0FHDBT2KW,,,
B0FHDDD9QR,,,
B0FHDGF4NK,,,
B0FHGBTGMC,,,
B0FHGTKCPV,,,
B0FHHG11ZY,,,
B0FHHQR4HX,,,
B0FHJ3VZQ2,,,
B0FHJMYPKS,,,
B0FHK82JQT,,,
B0FHKJD978,,,
B0FHKJR1FJ,,,
B0FHKNN8LQ,,,
B0FHKQ6MCB,,,
B0FHL3KMW3,,,
B0FHMTCBB9,EXUVITAL,"July 15, 2025",B0FHMTCBB9
B0FHN9XCJV,MELTING FOREST,"July 15, 2025",B0FHN9XCJV
B0FHPSWQ5Q,,,
B0FHPZR3KC,,,
B0FHQ2NN44,,,
B0FHQ5HC1G,,,
B0FHQ917XY,,,
B0FHQCMBC3,,,
B0FHQTL4NG,Hongo Tea,,B0FHQTL4NG
B0FHWBQ84C,,,
B0FHWPBJ2M,,,
B0FHWPBYFX,,,
B0FHWYRHBK,,,
B0FHXP8495,FKRO,,B0FHXP8495
B0FJ3ZQ1C7,Micro Ingredients,,B0FJ3ZQ1C7
B0FJ46RC8P,,,
B0FJ7N1YTQ,,,
B0FJ8CJH7Y,,,
B0FJ8NNJ58,,,
B0FJ8Q55Z2,,,
B0FJ8WHSHW,,,
B0FJB66CW7,,,
B0FJBHB3BL,SAN,"July 21, 2025",B0FJBHB3BL
B0FJBL1DNS,HERVIVA,"July 21, 2025",B0FJBL1DNS
B0FJDJC16Q,,,
B0FJDK61SD,,,
B0FJDP36R5,,,
B0FJDYBZWB,Grüns,,B0FJDYBZWB
B0FJF25RSK,,,
B0FJF5ML39,SKY NUTRITION,,
B0FJFBL48C,,,
B0FJFL6WTG,,,
B0FJHJGNF9,Vital Ace,,B0GSJYYZP4
B0FJJSRTKH,Fit Boxx,,B0FJJSRTKH
B0FJLRM4WJ,,,
B0FJM4CTSR,,,
B0FJMC3N14,,,
B0FJMQ7T5M,,,
B0FJSDXYN3,EVIL SNACKS,,
B0FJY49V38,,,
B0FK2Z29B6,,,
B0FK38XVQR,,,
B0FK3PHQWP,Clean Nutraceuticals,"July 27, 2025",B0FK3PHQWP
B0FK3QQMM8,Clean Nutraceuticals,"July 27, 2025",B0FK3QQMM8
B0FK5VY7QS,,,
B0FK5XNBWV,3dRose,,B0FK5XNBWV
B0FK5Z7NFS,,,
B0FK6LCX5R,,,
B0FK9M6CRH,TAOTERS,,B0FK9M6CRH
B0FKB2ZCJM,,,
B0FKB746GP,,,
B0FKH3YTM4,,,
B0FKHHRZ5Q,TPbaeke,,B0FKHHRZ5Q
B0FKHZHD2D,,,
B0FKJ9NWBD,,,
B0FKJFW2TX,,,
B0FKJWML6G,,,
B0FKM5D2S9,,,
B0FKMF2CRT,Vetriuntrix,"July 31, 2025",B0G1WYB8JW
B0FKMKH7B8,,,
B0FKMXJWB9,,,
B0FKT82WW1,,,
B0FKTCGS6Q,,,
B0FKYP5VRH,,,
B0FL19MQ2G,,,
B0FL1L4V3Y,Mind Master,,B0G76CPNDP
B0FL1MZNFK,,,
B0FL1N2CWR,,,
B0FL4RCDFF,,,
B0FL4TJPSV,,,
B0FL7QLQZR,,,
B0FLDRBN3J,,,
B0FLF18K4Z,,,
B0FLF7N9HY,,,
B0FLF8W5R3,,,
B0FLFZS6T7,,,
B0FLJ4TBDV,,,
B0FLJFGJWS,,,
B0FLJL6HPH,NCS,,B0DGWJFT73
B0FLJLW5KC,,,
B0FLKF5CRN,,,
B0FLL2HRT2,,,
B0FLL397C4,,,
B0FLL3L78N,,,
B0FLL8Z15W,,,
B0FLLJ7V5W,HIFAS DA TERRA,,B0GGC4M35B
B0FLLJMZ6X,,,
B0FLLL4866,,,
B0FLLM86C8,,,
B0FLLX9QCS,,,
B0FLM657M2,,,
B0FLN5Z5CG,,,
B0FLPD9D3V,,,
B0FLPQVN6X,Bcuelov,,
B0FLQJCSCZ,EverEra,,B0FLQJCSCZ
B0FLQL6MHB,,,
B0FLV62T8S,Bunkell,,
B0FLX875NL,,,
B0FLXMHSF7,,,
B0FLY6KWHB,,,
B0FLY9GXPZ,,,
B0FM3R9DFP,Raslok,"August 12, 2025",B0FM3R9DFP
B0FM3Z8SMK,,,
B0FM417FXC,,,
B0FM8218JQ,Nature Echo,,B0FM8218JQ
B0FM8F322B,,,
B0FMCYFKCK,RWENP,,B0GSTF2FS1
B0FMF5F465,BIYODE,,B0FMF5F465
B0FMF879LS,,,
B0FMF8BJLB,,,
B0FMFD1YGZ,,,
B0FMFPFM7J,Nowful,,B0FMFPFM7J
B0FMFQTWXN,Petsology,,
B0FMGHZ63M,Fifth & Fido,"September 1, 2025",B0FQQNFK81
B0FMGMV3W2,,,
B0FMJZZ5D8,,,
B0FMK31KYV,,,
B0FMK873H9,Yikecao,,B0FX2P2Y3M
B0FMK8STNL,Yikecao,"August 15, 2025",B0FX2P2Y3M
B0FMM3WNYZ,FKRO,,B0FMM3WNYZ
B0FMPMCHZJ,,,
B0FMQBGX4M,NutraBites,"August 17, 2025",B0FMQBGX4M
B0FMQSTCS5,,,
B0FMR54MSY,,,
B0FMR8K2F1,,,
B0FMTY36G6,,,
B0FMWJS9XV,YUMA'S,,
B0FMY7KV5D,,,
B0FMYVXGZ4,,,
B0FN3YCC45,Anven Health,"August 20, 2025",B0FN3YCC45
B0FN6F4ZMD,CareFurEver,"August 21, 2025",B0FN6F4ZMD
B0FN6K6YFX,,,
B0FN7M1YZK,,,
B0FN7NSYH7,,,
B0FN7SGMKW,,,
B0FN7WTX71,strrugel,,B0GKM9LF4M
B0FN9BYMH4,XULA,,B0FN9BYMH4
B0FNB7BF96,Wellbeing Farms,,B0FNB7BF96
B0FNCGW9FF,,,
B0FNCLMDL4,,,
B0FNM67J3T,,,
B0FNM92ZLX,,,
B0FNMHG993,,,
B0FNPJ18W3,,,
B0FNQK4KL5,YEGE,,B0FNQQ2DBH
B0FNR657DT,Four Sigmatic,,B0G7L1Q54P
B0FNRP1T4C,,,
B0FNW7LGPC,,,
B0FNWCVP5N,,,
B0FNWG1BW1,,,
B0FNWHP547,DEARMINE,,B0G2DPS9ZH
B0FNWTBM6Y,,,
B0FNWZ42BS,,,
B0FNX3VJYR,,,
B0FNYDQSV9,Elamish,"August 27, 2025",B0FNYDQSV9
B0FNYHX8T3,,,
B0FNYMYLXT,Thrivin Tails,"August 28, 2025",B0FP416TRF
B0FP2CJ9GT,,,
B0FP2KKKMC,,,
B0FP2T2MDY,,,
B0FP4JBXY5,,,
B0FP4YSW11,,,
B0FP4ZC7RN,,,
B0FP8DZBC2,,,
B0FP8KXPP9,,,
B0FP8VBJ5Z,KUNLEN,"August 30, 2025",B0FP8VBJ5Z
B0FP931PNH,Ahete,,B0FP931PNH
B0FPBVT4XL,,,
B0FPCK7QR4,,,
B0FPCL6VQB,,,
B0FPCX17BB,,,
B0FPCY9ZZD,Balincer,,B0FPCY9ZZD
B0FPF7418L,,,
B0FPG1N684,,,
B0FPG3NPRH,,,
B0FPG6CTP2,Balincer,,B0FPG6CTP2
B0FPGMZW7W,,,
B0FPGS8ZZD,,,
B0FPJRQKTP,,,
B0FPKX8SRV,,,
B0FPL86Y4V,Nature Whisper,,B0FPL86Y4V
B0FPLC4HV5,,,
B0FPLKD3K9,,,
B0FPPX6YBL,,,
B0FPQBYVQG,,,
B0FPR8K882,,,
B0FPR8Y15Z,,,
B0FPX2FWVD,XHBZHH,,B0FPX2FWVD
B0FPXTHQRY,Alice,,B0CFR44LGZ
B0FPYSDFR4,,,
B0FQ2HWJYF,,,
B0FQ45VQSS,MYCOMedix,,B0FQ45VQSS
B0FQ47K19T,,,
B0FQ55SWP1,,,
B0FQ59SSZY,,,
B0FQ72PNBM,,,
B0FQCN2891,,,
B0FQFLN5Z7,,,
B0FQJH9HJB,HealthyVi,"September 10, 2025",B0FRM2Y86N
B0FQMK74XB,MYKAF,,B0FQMK74XB
B0FQP8H71L,HABIT ONE,,
B0FQPB4W87,,,
B0FQRFHJ15,Sunday Scaries,"September 11, 2025",B0FQRFHJ15
B0FQRXDC4N,HEAD-START,,B0FQRTP19Q
B0FQSF4SL1,,,
B0FQSLKY17,,,
B0FR2T624D,,,
B0FR35TPHS,,,
B0FR4RNYS7,,,
B0FR4Y8X5S,GRGTP,,
B0FR5FP2MR,,,
B0FR5YG3X1,YUM-V'S,"November 17, 2025",B0FR5YG3X1
B0FR6L1VYX,,,
B0FR7MXLRQ,,,
B0FR7WZN23,,,
B0FR84G3YC,,,
B0FR87KPBM,,,
B0FR8RNZZG,,,
B0FR9DM7TM,,,
B0FRB1MYB4,,,
B0FRCZLP1T,,,
B0FRD9G1MD,NATURE'S FUNGI,"September 12, 2025",B0G5VJ9SKY
B0FRDCF9Y1,,,
B0FRDDSS2S,NATURE'S FUNGI,"September 12, 2025",B0G5WZF1D5
B0FRG67V8Y,Atherionyxora,,B0FV29N73Z
B0FRJG9N94,,,
B0FRK7RS3K,NATURE'S FUNGI,"September 12, 2025",B0G5WZF1D5
B0FRKHQGMD,,,
B0FRL119RC,,,
B0FRL5MYQ8,,,
B0FRLH6QJ7,,,
B0FRLZQMMZ,,,
B0FRRLTDV5,,,
B0FRS1CX6Q,,,
B0FRVXJTW2,RYZE SUPERFOODS,,B0GP8PB1RX
B0FRXCDB8L,,,
B0FS1TSPKD,Bcuelov,,
B0FS29X1LF,,,
B0FS2B8GS4,,,
B0FS3VTFWT,,,
B0FS65SWRL,,,
B0FS7CKJ5W,,,
B0FS8W2XXN,Lucid,,B0DG1H2DJ2
B0FSCPKDPR,,,
B0FSD4S47K,,,
B0FSDS9J5B,,,
B0FSFYFWQY,,,
B0FSGDHFJD,,,
B0FSGHP1FC,,,
B0FSGK7M8V,NATURE'S FUNGI,"September 24, 2025",B0G5VRYK9S
B0FSH86J4G,,,
B0FSHH8DB2,Super Organics,"September 24, 2025",B0FSHH8DB2
B0FSHV5WL1,Eversio Wellness,,B0FSHV5WL1
B0FSJ1LKDM,,,
B0FSL6427L,,,
B0FSL8BV1M,,,
B0FSRCKFDK,,,
B0FSRKKD82,Spark Mushroom Coffee,,B0G7FS8SS1
B0FSRNJXNZ,,,
B0FST1NTH1,,,
B0FSYJLVY4,Up&Down Supplements,,B0FSYJLVY4
B0FT1MBPRL,,,
B0FT9YB1MX,,,
B0FTB63W4G,The EverÉ Natural Alchemy,"September 30, 2025",B0FTB63W4G
B0FTFZH2F9,,,
B0FTJZQ4DZ,,,
B0FTPZ222J,Bones Coffee Company,,
B0FTS1XWDL,,,
B0FTVTHS4Q,,,
B0FTZY78D4,NatureWise,"October 6, 2025",B0FTZY78D4
B0FV3TG814,,,
B0FV53L7S4,,,
B0FV57MNHS,,,
B0FV624LG3,Plant People,,B0FV624LG3
B0FV87NS3Y,,,
B0FV9SZSMQ,,,
B0FVBPWX6Z,Purely Mushroom,"October 16, 2025",B0FWN36K25
B0FVDC51HP,,,
B0FVF1VQ9R,Nature's Way,"October 9, 2025",B0FVF1VQ9R
B0FVGMB4DX,Soulffee,,B0FVGMB4DX
B0FVLT2MBT,,,
B0FVPGT592,,,
B0FVPRBW9R,,,
B0FVSHX69Z,Mirosco,"October 11, 2025",B0FVSHX69Z
B0FVWBFCJR,,,
B0FVXB3MFJ,,,
B0FVXTDQR4,,,
B0FVZYSBY6,,,
B0FW3CGFV8,,,
B0FW3X7RFQ,,,
B0FW3ZKTM1,,,
B0FW4QGV96,,,
B0FW4TPW3X,,,
B0FW4VNLS7,,,
B0FW4WFBVG,,,
B0FW4WGRTR,,,
B0FW4XMWH1,,,
B0FW4YFV9Q,,,
B0FW4ZR7QW,,,
B0FW51LQ47,,,
B0FW51XF31,,,
B0FW52R53R,,,
B0FW53LXG1,Gara Health,,B0FW53LXG1
B0FW54G8L4,,,
B0FW54M2DX,DR. MORITZ,,B0FW54M2DX
B0FW54YCL5,,,
B0FW55V489,,,
B0FW6QCHFT,Wellbeing Farms,"October 14, 2025",B0FW6QCHFT
B0FW8M3FYP,,,
B0FWC5C5FH,,,
B0FWCPZDVQ,,,
B0FWCS1FYF,,,
B0FWD1NJRP,Nature's Bounty,,B0FWD1NJRP
B0FWD288BW,,,
B0FWFBYM2B,LYFE,"October 16, 2025",B0GFXKCQSM
B0FWK9KGB7,,,
B0FWN4NMSH,,,
B0FWQYN6TK,,,
B0FWS1K2QC,,,
B0FWS3988Z,WELLNESS LABSRX,,B0FWS3988Z
B0FWVWZFW1,,,
B0FWXC1HZV,,,
B0FWY3TSQV,,,
B0FWYJLLJK,,,
B0FWZZTTNB,,,
B0FX3DW5XR,,,
B0FX3K3PMD,RZYZ,,B0FX3K3PMD
B0FX5T3M62,,,
B0FX6BMHSR,,,
B0FX6GGR9D,,,
B0FX6T1XRP,SMSHEALTHPRODUCTS.com,,B0FX6T1XRP
B0FX72X35W,,,
B0FX76L796,Mn Mother Nature Inc,,B0FX76L796
B0FX78YPFZ,,,
B0FX7SF4HM,,,
B0FX8GTJWX,,,
B0FX8YV88Z,Kalba,,B0FX8YV88Z
B0FXBGPFWF,,,
B0FXBKN8K3,,,
B0FXBKZ2FL,,,
B0FXBN34VW,,,
B0FXBP5LXM,,,
B0FXBQY737,,,
B0FXBT6LST,,,
B0FXBTX183,,,
B0FXBVBDTC,,,
B0FXBX4B7M,,,
B0FXBXD79T,,,
B0FXBY82RN,Mn Mother Nature Inc,,B0FXBY82RN
B0FXBYQ7YB,,,
B0FXC3TN2B,,,
B0FXFHY3CS,Goodscious,,B0FXFHY3CS
B0FXG5D2Y2,,,
B0FXH2VWM8,LYFE,"December 9, 2025",B0GFXS4Y1R
B0FXM2822D,,,
B0FXNMNG9L,,,
B0FXNPG2F2,,,
B0FXNPVWRV,,,
B0FXNQNZVG,MALAMA MUSHROOMS,,B0FXNQNZVG
B0FY5P4GJ6,,,
B0FY6TFVGZ,,,
B0FY6ZJPLJ,Lifeable,"October 29, 2025",B0FY6ZJPLJ
B0FY73T2M6,,,
B0FY752KG9,,,
B0FY7GY5F9,,,
B0FYD2MGYL,,,
B0FYL54F6C,shroomtide,,B0FYL54F6C
B0FYPZFFDM,,,
B0FYQM5SY9,,,
B0FYQMHTB1,,,
B0FYRFS48V,Horbäach,,B0FYRFS48V
B0FYRL41NR,,,
B0FYRRHFZV,Mn Mother Nature Inc,,B0FYRRHFZV
B0FYRTSTY2,,,
B0FYRY6KP5,Mn Mother Nature Inc,,B0FYRY6KP5
B0FYZBNHTD,,,
B0FZC3PDDP,,,
B0FZKYB36V,,,
B0FZM2YWGX,,,
B0FZM63D8W,,,
B0FZX89TM2,,,
B0FZXZ1KL8,,,
B0FZY5XX63,tnvitamins,,B0FZY5XX63
B0G13WG156,Essentialife,,B0G143PX8Y
B0G141NWC8,,,
B0G14BYRG1,,,
B0G16SCPKZ,ECLECTIC INSTITUTE,,B0G16SCPKZ
B0G19FCSFG,ACLINKI,"November 7, 2025",B0G2S62TYW
B0G1BPR8SC,,,
B0G1GXX54J,,,
B0G1KJ9TVM,,,
B0G1NDN8W3,,,
B0G1V37PHP,,,
B0G1Y3RC5Y,,,
B0G1Z7XH1S,FreshCap Mushrooms,,
B0G21H31YZ,NeuVelleNutrition,,B0G21H31YZ
B0G254FR2G,,,
B0G256V4TH,Balincer,,B0G256V4TH
B0G26J4RXM,,,
B0G2BT7F5C,Buporai,,B0GL2P6MRM
B0G2KLDGDY,md wellness dynamics,,B0G2KLDGDY
B0G2LF4XKH,,,
B0G2SRB7SY,VITAL NUTRITIVE,"November 18, 2025",B0G2SRB7SY
B0G2TGMTRB,,,
B0G2TKTNG1,,,
B0G2TL6ZMQ,,,
B0G2V8L77P,,,
B0G2YCCMHV,QualiLife,"November 19, 2025",B0G2YCCMHV
B0G2Z8958W,,,
B0G35YB98Y,,,
B0G362RJ7X,Sacred Lotus,,B0G362RJ7X
B0G36GQDWV,HERBANA MANUFACTURING,"February 25, 2023",B0G36GQDWV
B0G3BDQTF4,,,
B0G3CJHVKM,Journey Supplements,,B0GFGCBZ6J
B0G3CL83P8,Primal Harvest,"November 21, 2025",B0G3CMMMQC
B0G3D21WTX,,,
B0G3GS4DQR,,,
B0G3NJBF7K,,,
B0G3Q7TCS6,,,
B0G3S6FCJM,,,
B0G3Y6YNY1,,,
B0G3ZFT698,Pella Nutrition,,B0G3ZFT698
B0G3ZQ8RX4,,,
B0G41P8H8X,Zunhai Food,,B0G41V7D7G
B0G45251P3,,,
B0G46YMYN5,,,
B0G48JXXTN,,,
B0G49FLR22,HABIT ONE,"November 27, 2025",B0G49FLR22
B0G4C7RK4T,,,
B0G4CM9GCM,,,
B0G4CMGGBK,,,
B0G4CYWXCJ,,,
B0G4D1FG1L,,,
B0G4FSGYB2,,,
B0G4GDJKVV,,,
B0G4KM3L5X,Organic Bless,,B0G4KM3L5X
B0G4KXNR7P,,,
B0G4L33DBC,gifonas,,B0GTTRRGTT
B0G4M7D27G,RTMGOB,"December 1, 2025",B0G4M7D27G
B0G4MFWDF9,,,
B0G4NC8BSX,,,
B0G4RNF7J9,,,
B0G4RTK67J,,,
B0G4SKTXNY,,,
B0G4SVRCDY,,,
B0G4TXBT5D,FORTISCA,,B0GVH8VT6H
B0G4VFH7VW,,,
B0G591SBQ8,,,
B0G5986214,,,
B0G59BTL8L,,,
B0G5BDL7TS,,,
B0G5BN6W81,,,
B0G5HHK9CY,Stajcar Stoneworks,,B0G5HHK9CY
B0G5JFLWWG,,,
B0G5KN1YV8,,,
B0G5LZ2LBL,,,
B0G5MHF25H,WepBio,"December 8, 2025",B0GPWV1F9C
B0G5MR8GM1,,,
B0G5P9P87P,Nature Echo,,B0G5P9P87P
B0G5QBPYZ6,Euphauria,,B0G5QBPYZ6
B0G5S8D36M,,,
B0G5YSF9J9,GUSUPY,,B0G5YSF9J9
B0G5YWP8BT,,,
B0G5Z1YC46,,,
B0G62GG99B,,,
B0G62TWWG9,,,
B0G64JV3YZ,,,
B0G64PZZ8B,LMKEZHAN,,B0GJB5DGW1
B0G657NKW6,FARWIX,,B0G657NKW6
B0G66HQ9NY,,,
B0G66Y1VBT,,,
B0G67NCPD2,,,
B0G6DJ1PZX,,,
B0G6FX4HV2,DMoose Fitness,,B0DW4L6Z4L
B0G6GC9W51,DMoose Fitness,"February 10, 2026",B0DW4L6Z4L
B0G6GKZHG8,,,
B0G6J12SZ8,,,
B0G6L1RFNX,,,
B0G6L6BZTH,,,
B0G6NJGHH2,,,
B0G6Q1TPR1,,,
B0G6QGQ8ZV,,,
B0G6XGP92F,ZHENPIN,,B0G6XGP92F
B0G6XHK6Q1,Nutrimivida,,B0G6XHK6Q1
B0G6YHRYPW,,,
B0G6ZY2JWJ,,,
B0G72XFY5S,,,
B0G75BR7M8,,,
B0G75WYK2S,,,
B0G76TTZY2,,,
B0G76Y96Y7,,,
B0G7D6T5PQ,,,
B0G7GPCVQG,,,
B0G83SML76,,,
B0G86TDSCN,,,
B0G86YL2LV,,,
B0G8881Q57,,,
B0G88FF2SG,SE Nutrition,,B0G88FF2SG
B0G88K6V1K,E&H Farms,"February 20, 2026",B0G88K6V1K
B0G8D9WNRD,,,
B0G8DFFYS7,,,
B0G8J4BC61,,,
B0G8J5VLZH,,,
B0G8JY7V7F,,,
B0G8KF6JC9,,,
B0G8L4L8P9,,,
B0G8TGQSTC,,,
B0G8VYXZQH,,,
B0G8W9D9XK,,,
B0G8XZTSZC,,,
B0G99M4STX,Dawnimate,,B0G99M4STX
B0GB5K8L2Y,,,
B0GB65KW2L,,,
B0GB686LY1,,,
B0GB6CLSPS,,,
B0GBQLSXTP,,,
B0GBW87K3H,,,
B0GBWG7QD7,,,
B0GC2JPCH7,,,
B0GC49JMQ3,,,
B0GC4J479B,Kyolic,,B0GD83NYPY
B0GC4K1MJK,,,
B0GC59WB7W,,,
B0GC5GBBRJ,,,
B0GC6JPV7X,,,
B0GC9ZCQ3J,,,
B0GCFL6ZNG,,,
B0GCG2LZN6,Drops Of Nature,"December 24, 2025",B0GCG2LZN6
B0GCNFCRP7,Drops Of Nature,"December 26, 2025",B0GCNFCRP7
B0GD362Y4F,,,
B0GD5C5CM5,,,
B0GD7FH3BY,,,
B0GDH8KQGF,,,
B0GDM28YJ5,ROVita,"January 1, 2026",B0GDM28YJ5
B0GDTCBBLL,,,
B0GDVG7GTB,,,
B0GDW4MN9G,,,
B0GDZJHWQ3,,,
B0GF2B9XFC,,,
B0GF6BRDXL,,,
B0GF9NQT9F,uninexus,,B0GF9NQT9F
B0GF9Z9Z3S,,,
B0GFCL69DL,,,
B0GFF4B1PN,,,
B0GFG7HSM9,,,
B0GFH7886K,,,
B0GFN83Z5J,WELLNESS LABSRX,,
B0GFQ6LKRY,,,
B0GFSDXKNW,,,
B0GFX3F7SN,Ez-Focus,"January 9, 2026",B0GFX3F7SN
B0GG6TY4HB,Biduka,"January 11, 2026",B0GG6TY4HB
B0GG8YR7T6,,,
B0GGCF5LXN,Drops Of Nature,"January 12, 2026",B0GGCF5LXN
B0GGCR64KP,Drops Of Nature,"January 12, 2026",B0GGCR64KP
B0GGD3BNPD,,,
B0GGDJ46JQ,,,
B0GGH4WQSR,,,
B0GGHLJPMX,,,
B0GGJ2RPQB,,,
B0GGL5T5M7,,,
B0GGMXTSJ1,,,
B0GGNZ63N4,,,
B0GGRLCFBG,LAMGINY,"January 14, 2026",B0GGRLCFBG
B0GGTBTTM2,,,
B0GGTLDK88,Clear Probiotics,"March 2, 2026",B0GGTLDK88
B0GGVM46MR,,,
B0GGWSLC6R,,,
B0GH25Q7DB,,,
B0GH2JPM6S,,,
B0GH5FWLHJ,Thrivevity LLC,,B0GH5FWLHJ
B0GH6NC3H8,FORTISCA,"January 16, 2026",B0GV66D5MY
B0GH8K9G54,,,
B0GH94VCP8,,,
B0GH9PZ8HM,,,
B0GHC19XSP,,,
B0GHCWYN6R,Force Factor,,B0GHGXS9ZQ
B0GHDJNNF5,,,
B0GHGSZZ3C,,,
B0GHKWLS35,,,
B0GHMRNZVC,,,
B0GHN5QBNY,,,
B0GHNJ37G6,Glowfare,,B0GHNP2K8K
B0GHP9SWFS,,,
B0GHPCD53S,,,
B0GHPCF5BT,Real Mushrooms,,B0GHPZRV8Z
B0GHPCQ8R5,,,
B0GHPCWW7C,Anima Mundi Apothecary,,B0GHPX9M1C
B0GHPKQS76,,,
B0GHPLCS3L,,,
B0GHPTG6H3,,,
B0GHRJPR8C,,,
B0GHRX8J6K,,,
B0GHZVRX5X,,,
B0GJ11QKQQ,Immortal Mycelium,,B0GLMC55DV
B0GJ359WC5,,,
B0GJ3F3SQX,Healspot,"January 21, 2026",B0GR4HRVTZ
B0GJ576G2C,,,
B0GJ6T8F8H,Host Defense,,B0GJ6T8F8H
B0GJ7NWFXN,Suppello,"January 22, 2026",B0GJ7NWFXN
B0GJ9K2VX9,O2AiYus,,B0GJ9K2VX9
B0GJG9NNKH,,,
B0GJMTMB99,,,
B0GJN5VQHP,Global Natural Healing Supplements,,B0GJN5VQHP
B0GJNYHB42,,,
B0GJTCRYQR,,,
B0GJTTRPKW,,,
B0GJTZ5KHC,Leah Rose Essentials,"January 26, 2026",B0GJTZ5KHC
B0GJV2VN73,,,
B0GK4PVMTW,,,
B0GKBFL8RQ,ACADEMICIAN,,B0GKBFL8RQ
B0GKLLLJ62,,,
B0GKNRFS78,LAVANOVA,,B0GKNRFS78
B0GKNXY477,,,
B0GKPQJPZM,,,
B0GKQ2SNGR,,,
B0GKQFFYXF,Real Mushrooms,"February 8, 2026",B0GSB1S8G8
B0GKXB7YT6,,,
B0GL7RJ6V3,WELLNESS LABSRX,,
B0GL9F8JGX,,,
B0GLFN8CCX,,,
B0GLGBNR1G,,,
B0GLQRVD73,,,
B0GLSVQ5LH,,,
B0GLSYSDYK,,,
B0GM2F2NKD,,,
B0GM455N69,,,
B0GM4JKYKG,FORTISCA,,B0GVDCXMXG
B0GM95VFF3,,,
B0GMGR2K3L,,,
B0GMGRBX5L,TerraPrecis,,B0GMGRBX5L
B0GMV82MVM,,,
B0GMVD87VV,,,
B0GN3752FH,Nova Wellness,,B0GN3752FH
B0GN42MX35,,,
B0GN4GCBL6,,,
B0GN591G4L,Nature Made,,B0GN591G4L
B0GNCPT9FC,,,
B0GNLG2XMY,Wellbeing Farms,"February 15, 2026",B0GNLG2XMY
B0GNLW6QMT,,,
B0GNTS4YN2,,,
B0GP1XS8CS,,,
B0GP261WPS,,,
B0GP5WPKFQ,,,
B0GP8WJ1K7,,,
B0GPF7JV12,,,
B0GPFMQXV8,,,
B0GPS6X959,Fungies,"March 22, 2026",B0GPS6X959
B0GPSLGY87,Fungies,"March 6, 2026",B0GPSLGY87
B0GPXXYRDP,,,
B0GPY6GTK2,,,
B0GPZDX2K9,,,
B0GQ2XZQM3,,,
B0GQ447YL7,,,
B0GQ5J8JSD,,,
B0GQ6MWQ2S,,,
B0GQ7VJ75J,,,
B0GQYZLD95,,,
B0GR5BMXB3,PUTRIZEN,,B0GR5BMXB3
B0GR6XC6D8,,,
B0GR764DLJ,,,
B0GRBN4792,,,
B0GRJYQM1R,,,
B0GRZJ5VML,,,
B0GS2K1MGN,,,
B0GS5SX5DP,,,
B0GS5WMNP4,,,
B0GS884KHM,,,
B0GS975C86,HIPPIE CHICKS,,B0GS975C86
B0GSDF7JTT,,,
B0GSH5KY88,,,
B0GSLF27R8,,,
B0GSP2RCBB,,,
B0GSQRDM5M,,,
B0GSRM8PNV,Generic,,B0GSRM8PNV
B0GSXS71BG,,,
B0GSZHLTSV,,,
B0GT4JMW5F,,,
B0GT4MWZGK,,,
B0GT7CK27C,,,
B0GT9KH2R7,,,
B0GT9QZGLV,,,
B0GTK55Q7F,,,
B0GTK6MLRB,Saphily,"March 23, 2026",B0GTK6MLRB
B0GTK6NRPN,,,
B0GTM54FPD,,,
B0GTP2KSJG,,,
B0GTQTS5ZB,,,
B0GTW7QFXH,,,
B0GV7ZD833,,,
B0GVDR8J86,,,
B0GVDYRRMG,,,
B0GVFRNR3N,,,
B0GVHB7JXW,Laicuherb,"March 31, 2026",B0GVHB7JXW
B0GVJCD1YF,,,
